dynamic_family_id,structural_mode_id,dynamic_structural_submode_id,n,fraction_within_dynamic,fraction_within_structural,approx_medoid_real_row,median_H_abs,IQR_H_mean
D000,S002,D000-S002,1342,0.1606608404166168,0.1754248366013072,48457,4.622538089752197,32.678550720214844
D000,S003,D000-S003,140,0.0167604453489764,0.0545383716400467,48783,8.236867904663086,37.297977447509766
D000,S004,D000-S004,230,0.0275350173590326,0.096194061062317,14864,7.99607515335083,37.7031364440918
D000,S005,D000-S005,99,0.0118520292110618,0.046326626111371,48747,9.7748441696167,34.82224655151367
D000,S006,D000-S006,301,0.0360349575002992,0.1231587561374795,39038,7.701157569885254,37.1270637512207
D000,S007,D000-S007,233,0.0278941697593678,0.0983122362869198,29926,7.271852016448975,36.85942077636719
D000,S008,D000-S008,198,0.0237040584221237,0.1340555179417738,61509,7.914263725280762,34.087093353271484
D000,S009,D000-S009,207,0.0247815156231294,0.138739946380697,48370,7.46103572845459,34.98741149902344
D000,S010,D000-S010,218,0.0260984077576918,0.1459170013386881,32566,8.334449768066406,33.36151885986328
D000,S011,D000-S011,190,0.0227463186878965,0.1283783783783783,10496,8.862903594970703,34.51145553588867
D000,S012,D000-S012,180,0.0215491440201125,0.1329394387001477,40786,9.17668342590332,33.239776611328125
D000,S013,D000-S013,235,0.0281336046929246,0.1680972818311874,10708,7.421113967895508,33.94477844238281
D000,S014,D000-S014,95,0.0113731593439482,0.0787728026533996,56454,8.496655464172363,34.44967269897461
D000,S015,D000-S015,209,0.0250209505566862,0.1477031802120141,39826,8.202655792236328,35.218875885009766
D000,S016,D000-S016,103,0.0123308990781755,0.0786259541984732,53848,9.201053619384766,35.09349822998047
D000,S017,D000-S017,144,0.01723931521609,0.1214165261382799,54243,7.338513374328613,32.47514343261719
D000,S018,D000-S018,212,0.0253801029570214,0.1666666666666666,38657,9.162013053894045,34.97917556762695
D000,S019,D000-S019,188,0.0225068837543397,0.136231884057971,17571,8.025775909423828,34.451133728027344
D000,S020,D000-S020,179,0.0214294265533341,0.124047124047124,56593,8.415059089660645,33.90096664428711
D000,S021,D000-S021,221,0.026457560158027,0.1643122676579925,1128,9.938596725463867,32.785701751708984
D000,S022,D000-S022,211,0.025260385490243,0.1590052750565184,36565,9.040709495544434,34.536231994628906
D000,S023,D000-S023,200,0.0239434933556805,0.1507159005275056,50439,9.165960311889648,30.92648696899414
D000,S024,D000-S024,219,0.0262181252244702,0.162704309063893,41771,9.301321029663086,33.87321472167969
D000,S025,D000-S025,496,0.0593798635220878,0.3555555555555555,20727,7.190712451934815,34.488426208496094
D000,S026,D000-S026,173,0.0207111217526637,0.131060606060606,46906,8.203438758850098,33.06138229370117
D000,S027,D000-S027,174,0.0208308392194421,0.1332312404287902,39957,8.369812965393066,33.19711685180664
D000,S028,D000-S028,199,0.0238237758889021,0.1446220930232558,32706,7.61171817779541,36.872676849365234
D000,S029,D000-S029,182,0.0217885789536693,0.1393568147013782,14015,7.7247419357299805,35.97090148925781
D000,S030,D000-S030,184,0.0220280138872261,0.1593073593073593,26351,8.86785888671875,34.495567321777344
D000,S031,D000-S031,182,0.0217885789536693,0.1657559198542805,2251,8.733654022216797,34.19795227050781
D000,S032,D000-S032,181,0.0216688614868909,0.1426319936958235,36170,8.707427978515625,34.72568893432617
D000,S033,D000-S033,116,0.0138872261462947,0.1050724637681159,22670,10.880216598510742,32.0771369934082
D000,S034,D000-S034,446,0.0533939901831677,0.377326565143824,8791,6.457393169403076,35.63190460205078
D000,S035,D000-S035,154,0.018436489883874,0.1269579554822753,11431,8.402511596679688,32.34347915649414
D000,S036,D000-S036,154,0.018436489883874,0.1356828193832599,41744,9.027118682861328,33.5960807800293
D000,S037,D000-S037,126,0.0150844008140787,0.1300309597523219,2583,8.56434154510498,34.062496185302734
D001,S002,D001-S002,1212,0.1653930131004367,0.1584313725490196,34408,5.5974555015563965,32.822235107421875
D001,S003,D001-S003,178,0.0242903930131004,0.0693416439423451,27879,8.72268009185791,39.57029724121094
D001,S004,D001-S004,297,0.0405294759825327,0.124215809284818,61641,8.479290008544922,35.12648391723633
D001,S005,D001-S005,133,0.0181495633187772,0.0622367805334581,22219,8.262696266174316,38.44288635253906
D001,S006,D001-S006,321,0.0438045851528384,0.131342062193126,15040,8.24785041809082,36.38088607788086
D001,S007,D001-S007,180,0.0245633187772925,0.0759493670886076,40178,9.027093887329102,37.216678619384766
D001,S008,D001-S008,212,0.0289301310043668,0.1435341909275558,50059,8.407751083374023,35.917179107666016
D001,S009,D001-S009,162,0.0221069868995633,0.1085790884718498,37813,9.104286193847656,33.58583450317383
D001,S010,D001-S010,190,0.0259279475982532,0.1271753681392235,60571,9.641698837280272,33.86387634277344
D001,S011,D001-S011,171,0.0233351528384279,0.1155405405405405,60961,9.756611824035645,34.884002685546875
D001,S012,D001-S012,302,0.0412117903930131,0.2230428360413589,11803,9.186115264892578,35.446083068847656
D001,S013,D001-S013,179,0.0244268558951965,0.1280400572246065,35679,9.87563419342041,35.02695846557617
D001,S014,D001-S014,52,0.0070960698689956,0.0431177446102819,13826,8.941667556762695,37.63687896728516
D001,S015,D001-S015,157,0.0214246724890829,0.1109540636042402,1766,8.986412048339844,34.29792022705078
D001,S016,D001-S016,58,0.007914847161572,0.0442748091603053,50972,10.796518325805664,34.257808685302734
D001,S017,D001-S017,125,0.0170578602620087,0.1053962900505902,37749,8.01513385772705,34.47930145263672
D001,S018,D001-S018,129,0.017603711790393,0.1014150943396226,59863,10.11268424987793,34.33253860473633
D001,S019,D001-S019,187,0.025518558951965,0.1355072463768116,10509,9.896307945251465,35.460174560546875
D001,S020,D001-S020,193,0.0263373362445414,0.1337491337491337,14280,9.471039772033691,35.709476470947266
D001,S021,D001-S021,148,0.0201965065502183,0.1100371747211896,51181,9.339632034301758,33.4167366027832
D001,S022,D001-S022,149,0.0203329694323144,0.1122833458929917,26849,9.096415519714355,33.846580505371094
D001,S023,D001-S023,160,0.0218340611353711,0.1205727204220045,5361,11.255635261535645,34.77987289428711
D001,S024,D001-S024,175,0.0238810043668122,0.1300148588410104,25742,8.857288360595703,34.244293212890625
D001,S025,D001-S025,131,0.0178766375545851,0.0939068100358423,4001,11.190279960632324,34.315147399902344
D001,S026,D001-S026,187,0.025518558951965,0.1416666666666666,57002,8.309523582458496,37.693058013916016
D001,S027,D001-S027,152,0.0207423580786026,0.116385911179173,5137,10.288634300231934,33.651004791259766
D001,S028,D001-S028,193,0.0263373362445414,0.1402616279069767,4820,8.957219123840332,33.37051010131836
D001,S029,D001-S029,206,0.0281113537117903,0.1577335375191424,60306,8.943222999572754,35.424827575683594
D001,S030,D001-S030,130,0.017740174672489,0.1125541125541125,15897,11.627982139587402,33.93781280517578
D001,S031,D001-S031,136,0.0185589519650655,0.1238615664845173,39833,10.739896774291992,33.26484298706055
D001,S032,D001-S032,169,0.0230622270742358,0.1331757289204097,18844,9.451719284057615,34.53912734985352
D001,S033,D001-S033,83,0.0113264192139738,0.0751811594202898,33624,11.776545524597168,33.87260818481445
D001,S034,D001-S034,94,0.0128275109170305,0.0795262267343485,36541,11.38134765625,34.44491958618164
D001,S035,D001-S035,260,0.0354803493449781,0.2143446001648804,51179,6.593828678131104,36.539588928222656
D001,S036,D001-S036,266,0.0362991266375545,0.2343612334801762,24214,8.159326553344727,35.631282806396484
D001,S037,D001-S037,221,0.0301582969432314,0.2280701754385964,61012,9.01220703125,35.92076110839844
D002,S000,D002-S000,57,0.0092352559948152,0.0326086956521739,1001,5.932329654693604,35.943260192871094
D002,S002,D002-S002,508,0.0823071937783538,0.0664052287581699,3831,2.8450591564178467,31.33020782470703
D002,S003,D002-S003,277,0.0448801036941024,0.1079080638878067,57912,4.72969913482666,40.06445693969727
D002,S004,D002-S004,315,0.0510369410239792,0.1317440401505646,47106,5.401951789855957,38.71062088012695
D002,S005,D002-S005,228,0.0369410239792611,0.1066916237716424,12869,5.635992050170898,39.4555549621582
D002,S006,D002-S006,274,0.0443940375891121,0.1121112929623567,31183,5.577465057373047,37.6219367980957
D002,S007,D002-S007,336,0.0544394037589112,0.1417721518987341,27623,4.427868366241455,39.26866149902344
D002,S008,D002-S008,132,0.0213869086195722,0.0893703452945159,47800,7.508967399597168,35.158817291259766
D002,S009,D002-S009,138,0.0223590408295528,0.0924932975871313,59259,5.764039516448975,34.08449935913086
D002,S010,D002-S010,160,0.0259235255994815,0.107095046854083,7822,4.996186256408691,36.01820755004883
D002,S011,D002-S011,141,0.022845106934543,0.0952702702702702,40059,5.859339714050293,32.8662223815918
D002,S012,D002-S012,167,0.0270576798444588,0.1233382570162481,48011,6.802258014678955,34.82346725463867
D002,S013,D002-S013,115,0.0186325340246273,0.0822603719599427,10878,6.140940189361572,34.14022445678711
D002,S014,D002-S014,146,0.0236552171095268,0.12106135986733,5652,5.569297790527344,36.731781005859375
D002,S015,D002-S015,117,0.0189565780946208,0.0826855123674911,47451,5.40606689453125,35.38772964477539
D002,S016,D002-S016,165,0.0267336357744653,0.1259541984732824,30037,5.889801502227783,35.39781188964844
D002,S017,D002-S017,159,0.0257615035644847,0.1340640809443507,24125,6.461285591125488,35.517539978027344
D002,S018,D002-S018,121,0.0196046662346079,0.095125786163522,40839,6.165375232696533,34.150814056396484
D002,S019,D002-S019,115,0.0186325340246273,0.0833333333333333,49323,6.0940470695495605,35.51829147338867
D002,S020,D002-S020,118,0.0191186001296176,0.0817740817740817,57391,6.849514484405518,34.98263931274414
D002,S021,D002-S021,121,0.0196046662346079,0.0899628252788104,17256,6.641530513763428,34.6982536315918
D002,S022,D002-S022,122,0.0197666882696046,0.0919366993217784,21252,6.378464221954346,34.8247184753418
D002,S023,D002-S023,109,0.0176604018146467,0.0821401657874905,34101,5.866001129150391,37.65756607055664
D002,S024,D002-S024,116,0.0187945560596241,0.0861812778603269,44120,6.076837062835693,34.85248947143555
D002,S025,D002-S025,262,0.042449773169151,0.1878136200716846,7798,5.696931838989258,34.607704162597656
D002,S026,D002-S026,129,0.0209008425145819,0.0977272727272727,61808,6.317997932434082,35.333831787109375
D002,S027,D002-S027,136,0.0220349967595593,0.1041347626339969,61227,6.435042858123779,33.62217330932617
D002,S028,D002-S028,138,0.0223590408295528,0.1002906976744186,7392,5.577163219451904,34.74795150756836
D002,S029,D002-S029,101,0.0163642255346727,0.0773353751914242,30928,6.420050144195557,35.2675666809082
D002,S030,D002-S030,110,0.0178224238496435,0.0952380952380952,46634,8.800636291503906,33.68165588378906
D002,S031,D002-S031,117,0.0189565780946208,0.1065573770491803,56561,8.278018951416016,33.928741455078125
D002,S032,D002-S032,96,0.0155541153596889,0.0756501182033096,61801,8.09732437133789,33.91056060791016
D002,S033,D002-S033,150,0.0243033052495139,0.1358695652173913,19214,6.902811050415039,35.180747985839844
D002,S034,D002-S034,219,0.0354828256642903,0.1852791878172588,32274,5.508614540100098,34.9814567565918
D002,S035,D002-S035,142,0.0230071289695398,0.1170651277823578,2279,6.938544273376465,35.187625885009766
D002,S036,D002-S036,142,0.0230071289695398,0.1251101321585903,23374,6.4678263664245605,34.321128845214844
D002,S037,D002-S037,131,0.0212248865845755,0.1351909184726522,19674,7.451229572296143,35.42627716064453
D003,S000,D003-S000,328,0.0553679945982444,0.1876430205949656,49595,3.740952253341675,37.01131057739258
D003,S001,D003-S001,337,0.0568872383524645,0.2089274643521388,19194,3.3457813262939453,36.94954681396485
D003,S002,D003-S002,331,0.0558744091829844,0.0432679738562091,42477,2.64045786857605,32.264404296875
D003,S003,D003-S003,321,0.0541863605671843,0.1250486949746786,23207,4.182705402374268,40.61270904541016
D003,S004,D003-S004,285,0.0481093855503038,0.1191969887076537,50784,5.791579723358154,41.46307373046875
D003,S005,D003-S005,259,0.0437204591492235,0.1211979410388394,33726,5.164379596710205,40.820594787597656
D003,S006,D003-S006,284,0.0479405806887238,0.11620294599018,56071,5.450150012969971,38.8383674621582
D003,S007,D003-S007,233,0.0393315327481431,0.0983122362869198,58381,5.369909763336182,39.56678771972656
D003,S008,D003-S008,126,0.0212694125590817,0.0853080568720379,57288,6.091351509094238,38.28499221801758
D003,S009,D003-S009,135,0.0227886563133018,0.0904825737265415,17122,5.397580623626709,36.07188034057617
D003,S010,D003-S010,103,0.0173869007427413,0.0689424364123159,8991,5.716326713562012,36.274147033691406
D003,S011,D003-S011,137,0.0231262660364618,0.0925675675675675,22838,5.839847564697266,34.30302810668945
D003,S012,D003-S012,151,0.025489534098582,0.1115214180206794,28532,5.920472621917725,37.652130126953125
D003,S013,D003-S013,112,0.0189061444969615,0.0801144492131616,26178,5.861495494842529,37.19843673706055
D003,S014,D003-S014,164,0.0276839972991222,0.1359867330016583,34189,5.048289299011231,36.30747222900391
D003,S015,D003-S015,131,0.0221134368669817,0.0925795053003533,27391,5.508430480957031,37.51099395751953
D003,S016,D003-S016,168,0.0283592167454422,0.1282442748091603,61487,4.784661293029785,36.2536506652832
D003,S017,D003-S017,132,0.0222822417285617,0.1112984822934232,40619,5.029552459716797,35.03288269042969
D003,S018,D003-S018,110,0.0185685347738014,0.0864779874213836,4449,6.227282524108887,36.76595687866211
D003,S019,D003-S019,130,0.0219446320054017,0.0942028985507246,24279,4.958484172821045,36.546329498291016
D003,S020,D003-S020,139,0.0234638757596218,0.0963270963270963,44018,6.600116729736328,36.90200424194336
D003,S021,D003-S021,110,0.0185685347738014,0.0817843866171003,34743,6.90458345413208,35.084434509277344
D003,S022,D003-S022,111,0.0187373396353815,0.0836473247927656,11605,6.6928229331970215,38.1630973815918
D003,S023,D003-S023,118,0.0199189736664415,0.0889223813112283,44098,6.0521650314331055,35.09063720703125
D003,S024,D003-S024,116,0.0195813639432815,0.0861812778603269,37206,5.209219932556152,36.39160537719727
D003,S025,D003-S025,114,0.0192437542201215,0.0817204301075268,11331,5.1719231605529785,35.267616271972656
D003,S026,D003-S026,111,0.0187373396353815,0.084090909090909,61549,5.301138877868652,35.38054656982422
D003,S027,D003-S027,90,0.0151924375422012,0.0689127105666156,4895,5.847884178161621,34.91293716430664
D003,S028,D003-S028,108,0.0182309250506414,0.0784883720930232,60481,5.802299499511719,34.97141647338867
D003,S029,D003-S029,118,0.0199189736664415,0.0903522205206738,19522,6.503288269042969,36.36419677734375
D003,S030,D003-S030,108,0.0182309250506414,0.0935064935064935,19230,5.970497608184815,36.27233505249024
D003,S031,D003-S031,95,0.0160364618501012,0.0865209471766848,14024,6.609661102294922,36.519378662109375
D003,S032,D003-S032,85,0.0143484132343011,0.0669818754925137,7723,4.689945220947266,35.83197021484375
D003,S033,D003-S033,98,0.0165428764348413,0.0887681159420289,35064,5.627848148345947,35.27558517456055
D003,S034,D003-S034,111,0.0187373396353815,0.0939086294416243,4557,6.866137504577637,36.99175643920898
D003,S035,D003-S035,106,0.0178933153274814,0.0873866446826051,49315,7.099884510040283,35.32489013671875
D003,S036,D003-S036,120,0.0202565833896016,0.105726872246696,26006,6.250377655029297,35.374515533447266
D003,S037,D003-S037,89,0.0150236326806212,0.0918472652218782,4329,6.706823348999023,35.71171188354492
D004,S000,D004-S000,50,0.0092798812175204,0.028604118993135,24893,9.092822074890137,30.55363655090332
D004,S002,D004-S002,677,0.1256495916852264,0.0884967320261437,44344,3.650875806808472,32.48649978637695
D004,S003,D004-S003,252,0.0467706013363029,0.0981690689520841,51350,5.868155479431152,39.78683090209961
D004,S004,D004-S004,289,0.053637713437268,0.1208699289000418,20615,4.870917320251465,38.62724685668945
D004,S005,D004-S005,226,0.0419450631031922,0.1057557323350491,59110,6.05747127532959,40.16263198852539
D004,S006,D004-S006,266,0.0493689680772086,0.1088379705400982,41728,5.583263874053955,39.89715194702149
D004,S007,D004-S007,154,0.0285820341499628,0.0649789029535864,10247,7.612234115600586,38.7410888671875
D004,S008,D004-S008,144,0.0267260579064587,0.0974949221394719,15724,6.914366245269775,35.912681579589844
D004,S009,D004-S009,129,0.0239420935412026,0.0864611260053619,26656,5.756974220275879,33.53010559082031
D004,S010,D004-S010,114,0.0211581291759465,0.0763052208835341,47824,6.256515979766846,33.722938537597656
D004,S011,D004-S011,127,0.0235708982925018,0.0858108108108108,24368,6.0358710289001465,35.03036880493164
D004,S012,D004-S012,188,0.0348923533778767,0.138847858197932,46811,6.800991535186768,35.88979721069336
D004,S013,D004-S013,121,0.0224573125463994,0.086552217453505,33511,7.994726657867432,34.640018463134766
D004,S014,D004-S014,90,0.0167037861915367,0.0746268656716417,33154,9.574317932128906,34.93968200683594
D004,S015,D004-S015,119,0.0220861172976985,0.0840989399293286,9284,6.9996442794799805,36.907264709472656
D004,S016,D004-S016,111,0.0206013363028953,0.0847328244274809,49973,8.800395965576172,36.05844497680664
D004,S017,D004-S017,115,0.0213437268002969,0.096964586846543,12847,8.136070251464844,38.46201705932617
D004,S018,D004-S018,106,0.0196733481811432,0.0833333333333333,2674,7.934078216552734,36.50047302246094
D004,S019,D004-S019,108,0.0200445434298441,0.0782608695652174,56285,7.318274021148682,34.35161590576172
D004,S020,D004-S020,133,0.0246844840386043,0.0921690921690921,40416,6.338014125823975,36.42429733276367
D004,S021,D004-S021,108,0.0200445434298441,0.0802973977695167,21180,7.279408931732178,34.035614013671875
D004,S022,D004-S022,106,0.0196733481811432,0.0798794272795779,37434,8.029436111450195,35.483036041259766
D004,S023,D004-S023,117,0.0217149220489977,0.0881688018085908,23391,8.117429733276367,31.945863723754883
D004,S024,D004-S024,132,0.0244988864142538,0.0980683506686478,22740,7.868457317352295,33.88595199584961
D004,S026,D004-S026,124,0.0230141054194506,0.0939393939393939,41888,6.239076614379883,35.76039505004883
D004,S027,D004-S027,132,0.0244988864142538,0.1010719754977029,61145,6.829422950744629,34.148475646972656
D004,S028,D004-S028,121,0.0224573125463994,0.0879360465116279,53969,6.755149364471436,36.32664108276367
D004,S029,D004-S029,117,0.0217149220489977,0.0895865237366003,50359,6.087855339050293,35.5479736328125
D004,S030,D004-S030,88,0.0163325909428359,0.0761904761904762,4435,7.282608985900879,33.99103546142578
D004,S031,D004-S031,82,0.0152190051967334,0.0746812386156648,8593,9.870563507080078,33.96341323852539
D004,S032,D004-S032,127,0.0235708982925018,0.1000788022064617,2489,8.305870056152344,33.876346588134766
D004,S035,D004-S035,175,0.0324795842613214,0.1442704039571311,53955,7.451026916503906,33.41904830932617
D004,S036,D004-S036,141,0.0261692650334075,0.1242290748898678,21924,5.50015926361084,34.45537185668945
D004,S037,D004-S037,132,0.0244988864142538,0.1362229102167182,38622,8.064053535461426,36.31755828857422
D005,S002,D005-S002,1034,0.1974789915966386,0.1351633986928104,979,4.214076519012451,33.965309143066406
D005,S003,D005-S003,251,0.0479373567608861,0.0977795091546552,52627,5.046035289764404,40.20909881591797
D005,S004,D005-S004,142,0.0271199388846447,0.0593893768297783,23252,9.14625072479248,34.88427734375
D005,S005,D005-S005,215,0.0410618792971734,0.1006083294337856,56321,6.958566665649414,39.67813873291016
D005,S006,D005-S006,143,0.0273109243697479,0.0585106382978723,4892,8.679877281188965,32.63301086425781
D005,S007,D005-S007,133,0.0254010695187165,0.0561181434599156,60125,7.464329242706299,35.77625274658203
D005,S008,D005-S008,135,0.0257830404889228,0.0914014895057549,33548,7.181915760040283,37.281158447265625
D005,S009,D005-S009,161,0.0307486631016042,0.1079088471849866,38683,7.1969404220581055,37.0327262878418
D005,S010,D005-S010,161,0.0307486631016042,0.107764390896921,32083,8.025217056274414,37.06461715698242
D005,S011,D005-S011,169,0.0322765469824293,0.1141891891891891,6723,7.7110772132873535,35.45121765136719
D005,S013,D005-S013,148,0.0282658517952635,0.105865522174535,38026,6.116215229034424,35.858638763427734
D005,S014,D005-S014,127,0.0242551566080977,0.10530679933665,38538,8.300056457519531,35.25376510620117
D005,S015,D005-S015,129,0.024637127578304,0.0911660777385159,2432,7.646740913391113,33.29205322265625
D005,S016,D005-S016,131,0.0250190985485103,0.1,19710,7.934149265289307,35.784942626953125
D005,S017,D005-S017,106,0.020244461420932,0.0893760539629005,19651,7.181277751922607,35.02073287963867
D005,S018,D005-S018,119,0.0227272727272727,0.0935534591194968,29805,7.1841816902160645,35.976810455322266
D005,S019,D005-S019,134,0.0255920550038197,0.0971014492753623,48743,7.912573337554932,34.230255126953125
D005,S020,D005-S020,146,0.0278838808250572,0.1011781011781011,47242,7.738557815551758,37.062767028808594
D005,S021,D005-S021,156,0.0297937356760886,0.1159851301115241,17029,7.530808448791504,36.579132080078125
D005,S022,D005-S022,145,0.0276928953399541,0.1092690278824416,42667,6.616373538970947,34.77024459838867
D005,S023,D005-S023,157,0.0299847211611917,0.1183119819140919,6122,7.316761016845703,36.30390167236328
D005,S024,D005-S024,132,0.0252100840336134,0.0980683506686478,10535,6.687868595123291,36.913204193115234
D005,S026,D005-S026,134,0.0255920550038197,0.1015151515151515,17805,7.964931488037109,36.51436614990234
D005,S027,D005-S027,129,0.024637127578304,0.0987748851454823,877,7.757721424102783,35.591915130615234
D005,S028,D005-S028,143,0.0273109243697479,0.1039244186046511,8276,6.859375,36.12532806396485
D005,S029,D005-S029,140,0.0267379679144385,0.1071975497702909,44331,7.656851768493652,38.12050247192383
D005,S030,D005-S030,111,0.0211993888464476,0.0961038961038961,1287,7.404160499572754,37.95829772949219
D005,S031,D005-S031,107,0.0204354469060351,0.0974499089253187,46374,4.510907173156738,35.513206481933594
D005,S032,D005-S032,140,0.0267379679144385,0.1103230890464933,26702,7.304683685302734,35.85407257080078
D006,S002,D006-S002,773,0.161108795331388,0.1010457516339869,23357,2.177974224090576,33.09391784667969
D006,S003,D006-S003,286,0.0596081700708628,0.1114141020646669,59918,3.9231250286102295,39.57212066650391
D006,S004,D006-S004,156,0.0325135473113797,0.0652446675031367,4714,6.4878249168396,38.2791862487793
D006,S005,D006-S005,237,0.0493955814922884,0.1109031352363126,30590,5.294996738433838,40.67033767700195
D006,S006,D006-S006,154,0.0320967069612338,0.0630114566284779,25765,6.146440029144287,39.46266555786133
D006,S007,D006-S007,160,0.0333472280116715,0.0675105485232067,20361,6.473805904388428,36.881195068359375
D006,S008,D006-S008,114,0.0237598999583159,0.0771834800270819,35574,6.35953950881958,35.6556510925293
D006,S009,D006-S009,119,0.0248020008336807,0.0797587131367292,51723,6.430065631866455,34.081092834472656
D006,S010,D006-S010,117,0.0243851604835348,0.0783132530120482,5886,6.854846954345703,34.072845458984375
D006,S011,D006-S011,126,0.0262609420591913,0.0851351351351351,42162,7.632558822631836,35.86869812011719
D006,S013,D006-S013,136,0.0283451438099208,0.0972818311874105,13943,5.804247856140137,34.52275848388672
D006,S014,D006-S014,126,0.0262609420591913,0.1044776119402985,17275,5.29606294631958,35.415122985839844
D006,S015,D006-S015,119,0.0248020008336807,0.0840989399293286,4444,5.70208740234375,35.60635757446289
D006,S016,D006-S016,147,0.0306377657357232,0.1122137404580152,42007,4.818850994110107,37.92048645019531
D006,S017,D006-S017,112,0.02334305960817,0.0944350758853288,42102,6.845953941345215,36.23599243164063
D006,S018,D006-S018,117,0.0243851604835348,0.0919811320754716,20717,6.369675159454346,36.54477310180664
D006,S019,D006-S019,123,0.0256356815339724,0.0891304347826087,22750,5.053108215332031,35.437992095947266
D006,S020,D006-S020,129,0.0268862025844101,0.0893970893970894,12379,7.112926483154297,36.548038482666016
D006,S021,D006-S021,124,0.0258441017090454,0.0921933085501858,61113,5.4720458984375,35.62356185913086
D006,S022,D006-S022,123,0.0256356815339724,0.0926902788244159,10290,7.434655666351318,36.26797866821289
D006,S023,D006-S023,109,0.0227177990829512,0.0821401657874905,16530,6.476047992706299,35.49490737915039
D006,S024,D006-S024,121,0.0252188411838265,0.0898959881129271,49788,6.4355082511901855,36.508934020996094
D006,S026,D006-S026,103,0.0214672780325135,0.078030303030303,27203,7.188061714172363,37.64694213867188
D006,S027,D006-S027,121,0.0252188411838265,0.0926493108728943,42633,6.345837116241455,36.75586318969727
D006,S028,D006-S028,111,0.0231346394330971,0.0806686046511628,44555,5.829056739807129,35.4068717956543
D006,S029,D006-S029,118,0.0245935806586077,0.0903522205206738,11795,4.909305572509766,36.04729461669922
D006,S030,D006-S030,122,0.0254272613588995,0.1056277056277056,44291,5.992046356201172,36.51008987426758
D006,S031,D006-S031,90,0.0187578157565652,0.081967213114754,31635,6.314082145690918,36.161094665527344
D006,S032,D006-S032,113,0.023551479783243,0.0890464933018124,48879,6.699106693267822,36.54171752929688
D007,S002,D007-S002,710,0.164771408679508,0.0928104575163398,41495,4.964463710784912,33.75956344604492
D007,S003,D007-S003,102,0.0236713854722673,0.0397350993377483,52899,8.991769790649414,37.35418319702149
D007,S004,D007-S004,149,0.0345787885820376,0.0623170221664575,51002,9.155909538269045,34.87165832519531
D007,S005,D007-S005,97,0.022511023439313,0.0453907346747777,32332,9.436549186706545,39.61623001098633
D007,S006,D007-S006,133,0.0308656300765838,0.0544189852700491,21226,7.491396427154541,38.61026763916016
D007,S007,D007-S007,255,0.0591784636806683,0.1075949367088607,31196,8.38491153717041,35.04562759399414
D007,S008,D007-S008,92,0.0213506614063587,0.0622884224779959,42653,8.101018905639648,36.288307189941406
D007,S009,D007-S009,134,0.0310977024831747,0.0898123324396782,51199,9.712686538696287,34.039424896240234
D007,S010,D007-S010,116,0.0269203991645393,0.0776439089692101,37652,9.06508445739746,34.952144622802734
D007,S011,D007-S011,133,0.0308656300765838,0.0898648648648648,27098,8.937711715698242,35.6587028503418
D007,S012,D007-S012,96,0.0222789510327222,0.0709010339734121,46395,9.764979362487791,34.681732177734375
D007,S013,D007-S013,94,0.0218148062195404,0.0672389127324749,771,8.992985725402832,33.48996353149414
D007,S015,D007-S015,144,0.0334184265490833,0.1017667844522968,38421,10.274566650390623,33.889278411865234
D007,S018,D007-S018,100,0.0232072406590856,0.0786163522012578,47295,9.49940586090088,34.07480239868164
D007,S019,D007-S019,106,0.0245996750986307,0.0768115942028985,22195,9.237902641296388,34.33022689819336
D007,S020,D007-S020,97,0.022511023439313,0.0672210672210672,50401,8.9905366897583,34.5256462097168
D007,S021,D007-S021,112,0.0259921095381759,0.083271375464684,15823,10.0001802444458,36.07479095458984
D007,S022,D007-S022,93,0.0215827338129496,0.0700828937452901,9204,10.987102508544922,33.50225067138672
D007,S023,D007-S023,106,0.0245996750986307,0.0798794272795779,56907,9.249993324279783,35.38884353637695
D007,S024,D007-S024,96,0.0222789510327222,0.0713224368499257,57983,9.15778923034668,32.90645217895508
D007,S025,D007-S025,55,0.012763982362497,0.039426523297491,18235,11.832493782043455,31.04571914672852
D007,S026,D007-S026,79,0.0183337201206776,0.0598484848484848,11503,8.4379243850708,33.44996643066406
D007,S027,D007-S027,102,0.0236713854722673,0.0781010719754977,44914,9.313226699829102,33.69204330444336
D007,S028,D007-S028,91,0.0211185889997679,0.0661337209302325,32212,10.093969345092772,34.30729675292969
D007,S029,D007-S029,76,0.017637502900905,0.0581929555895865,52508,10.36542510986328,34.220760345458984
D007,S030,D007-S030,64,0.0148526340218148,0.0554112554112554,871,11.713074684143066,31.64712142944336
D007,S031,D007-S031,70,0.0162450684613599,0.0637522768670309,47945,11.129037857055664,34.2154541015625
D007,S032,D007-S032,119,0.0276166163843119,0.0937746256895193,6948,8.783053398132324,35.213279724121094
D007,S033,D007-S033,248,0.0575539568345323,0.2246376811594203,1289,8.850807189941406,35.72564697265625
D007,S034,D007-S034,55,0.012763982362497,0.0465313028764805,836,12.30002784729004,32.22455978393555
D007,S035,D007-S035,114,0.0264562543513576,0.0939818631492168,10861,10.220169067382812,32.7504768371582
D007,S036,D007-S036,83,0.019262009747041,0.0731277533039647,25801,10.599287986755373,34.04935073852539
D007,S037,D007-S037,86,0.0199582269668136,0.08875128998968,48748,10.522737503051758,32.41673278808594
D008,S002,D008-S002,453,0.1157088122605363,0.0592156862745098,42841,3.904065608978272,31.97154998779297
D008,S003,D008-S003,169,0.0431673052362707,0.065835605765485,23531,6.235870361328125,38.74777221679688
D008,S004,D008-S004,155,0.0395913154533844,0.0648264324550397,9323,6.649764537811279,39.950809478759766
D008,S005,D008-S005,137,0.0349936143039591,0.0641085634066448,58153,6.937851428985596,39.15744400024414
D008,S006,D008-S006,157,0.0401021711366538,0.0642389525368248,34161,6.866642475128174,38.20058822631836
D008,S007,D008-S007,300,0.0766283524904214,0.1265822784810126,49755,5.87587308883667,33.921443939208984
D008,S008,D008-S008,93,0.0237547892720306,0.0629654705484089,7791,7.96126127243042,35.34233856201172
D008,S009,D008-S009,92,0.0234993614303959,0.0616621983914209,8799,9.67380428314209,34.014835357666016
D008,S010,D008-S010,97,0.0247765006385696,0.0649263721552878,18492,9.122451782226562,32.24665832519531
D008,S011,D008-S011,85,0.0217113665389527,0.0574324324324324,22005,8.008819580078125,33.34619903564453
D008,S012,D008-S012,93,0.0237547892720306,0.0686853766617429,13673,8.39414119720459,31.513288497924805
D008,S013,D008-S013,70,0.0178799489144316,0.050071530758226,35132,8.6139497756958,33.255096435546875
D008,S014,D008-S014,86,0.0219667943805874,0.0713101160862354,34492,9.408295631408691,35.26863479614258
D008,S015,D008-S015,85,0.0217113665389527,0.0600706713780918,31278,9.329819679260254,32.3291130065918
D008,S016,D008-S016,79,0.0201787994891443,0.0603053435114503,9447,9.266765594482422,35.01894760131836
D008,S018,D008-S018,67,0.0171136653895274,0.0526729559748427,50327,7.352779388427734,33.5217170715332
D008,S019,D008-S019,71,0.0181353767560664,0.0514492753623188,60038,8.619051933288574,32.46592330932617
D008,S020,D008-S020,82,0.0209450830140485,0.0568260568260568,38568,8.143600463867188,34.114158630371094
D008,S021,D008-S021,87,0.0222222222222222,0.0646840148698884,50824,8.18339729309082,33.2508659362793
D008,S022,D008-S022,83,0.0212005108556832,0.0625470987189148,18618,10.131550788879396,36.28641128540039
D008,S023,D008-S023,63,0.0160919540229885,0.0474755086661642,26595,8.814286231994629,36.64836502075195
D008,S024,D008-S024,71,0.0181353767560664,0.0527488855869242,42916,8.373748779296875,33.3767204284668
D008,S025,D008-S025,106,0.0270753512132822,0.0759856630824372,708,8.061294555664062,32.217037200927734
D008,S026,D008-S026,89,0.0227330779054917,0.0674242424242424,59678,7.878564834594727,32.99759292602539
D008,S027,D008-S027,87,0.0222222222222222,0.0666156202143951,47571,8.423422813415527,33.524497985839844
D008,S028,D008-S028,88,0.0224776500638569,0.063953488372093,34638,7.731620311737059,35.24492263793945
D008,S029,D008-S029,81,0.0206896551724137,0.062021439509954,45142,7.584570407867432,34.18320846557617
D008,S030,D008-S030,70,0.0178799489144316,0.0606060606060606,52752,7.288222789764404,33.673912048339844
D008,S031,D008-S031,73,0.0186462324393358,0.0664845173041894,23344,8.163398742675781,34.701210021972656
D008,S032,D008-S032,69,0.0176245210727969,0.0543735224586288,49150,9.6068115234375,32.73419189453125
D008,S033,D008-S033,263,0.0671775223499361,0.2382246376811594,36679,6.454227447509766,33.639408111572266
D008,S034,D008-S034,73,0.0186462324393358,0.0617597292724196,49428,8.09521770477295,32.41913986206055
D008,S035,D008-S035,77,0.0196679438058748,0.0634789777411376,30174,9.984755516052246,30.583913803100582
D008,S036,D008-S036,54,0.0137931034482758,0.0475770925110132,1693,9.926661491394045,32.29775619506836
D009,S000,D009-S000,764,0.1980814104226082,0.4370709382151029,57553,3.703173875808716,35.17686080932617
D009,S001,D009-S001,717,0.1858957739175525,0.444513329200248,4744,3.8729248046875,35.44194412231445
D009,S003,D009-S003,125,0.032408607726212,0.0486949746786131,29540,6.08712911605835,43.03334426879883
D009,S004,D009-S004,116,0.0300751879699248,0.0485152655792555,14673,7.932458400726318,41.8677864074707
D009,S005,D009-S005,140,0.0362976406533575,0.0655124005615348,3372,7.078159809112549,43.9907112121582
D009,S006,D009-S006,120,0.0311122634171636,0.0490998363338788,53479,7.526449203491211,40.29961395263672
D009,S007,D009-S007,104,0.0269639616282084,0.0438818565400843,58827,7.981725692749023,40.50774765014648
D009,S008,D009-S008,77,0.0199637023593466,0.0521327014218009,28814,8.205784797668457,37.42302322387695
D009,S009,D009-S009,64,0.0165932071558205,0.0428954423592493,4786,6.047895908355713,36.25394058227539
D009,S010,D009-S010,71,0.0184080891884884,0.0475234270414993,43126,8.428752899169922,38.02980041503906
D009,S011,D009-S011,57,0.0147783251231527,0.0385135135135135,33821,7.544591903686523,35.96687316894531
D009,S012,D009-S012,53,0.0137412496759139,0.0391432791728212,33980,9.098448753356934,37.27780532836914
D009,S013,D009-S013,54,0.0140005185377236,0.03862660944206,23871,8.945327758789062,37.46561050415039
D009,S014,D009-S014,67,0.0173710137412496,0.0555555555555555,56861,8.902647972106934,38.05695724487305
D009,S015,D009-S015,69,0.017889551464869,0.0487632508833922,46938,7.474609851837158,36.230587005615234
D009,S016,D009-S016,66,0.0171117448794399,0.0503816793893129,1039,8.059126853942871,36.09539794921875
D009,S017,D009-S017,59,0.0152968628467721,0.0497470489038785,21296,8.704303741455078,39.7601432800293
D009,S018,D009-S018,67,0.0173710137412496,0.0526729559748427,23991,7.66262674331665,36.005455017089844
D009,S019,D009-S019,76,0.0197044334975369,0.0550724637681159,19027,7.14186954498291,36.92379760742188
D009,S020,D009-S020,69,0.017889551464869,0.0478170478170478,7091,8.76533317565918,40.3637580871582
D009,S022,D009-S022,67,0.0173710137412496,0.0504898266767143,11317,7.376078605651855,37.51031494140625
D009,S023,D009-S023,61,0.0158154005703914,0.0459683496608892,17771,9.395811080932615,38.66440963745117
D009,S024,D009-S024,50,0.0129634430904848,0.0371471025260029,58900,6.980631351470947,37.38556289672852
D009,S025,D009-S025,62,0.0160746694322011,0.0444444444444444,22395,8.487808227539062,38.71563720703125
D009,S026,D009-S026,72,0.0186673580502981,0.0545454545454545,4789,6.464588165283203,36.28768157958984
D009,S027,D009-S027,54,0.0140005185377236,0.0413476263399693,4984,7.864609241485596,38.96713638305664
D009,S028,D009-S028,64,0.0165932071558205,0.0465116279069767,24763,6.508913516998291,36.6842155456543
D009,S030,D009-S030,53,0.0137412496759139,0.0458874458874458,28252,9.075751304626465,37.74189376831055
D009,S032,D009-S032,50,0.0129634430904848,0.0394011032308904,45841,8.813264846801758,39.407840728759766
D010,S002,D010-S002,297,0.0909647779479326,0.0388235294117647,49293,2.615607976913452,32.44518280029297
D010,S003,D010-S003,241,0.073813169984686,0.0938839111803661,23238,4.703858852386475,38.44772338867188
D010,S004,D010-S004,161,0.0493108728943338,0.0673358427436219,39180,6.391847133636475,38.18667602539063
D010,S005,D010-S005,191,0.0584992343032159,0.0893776321946654,6868,5.65797758102417,39.37500381469727
D010,S006,D010-S006,175,0.0535987748851454,0.0716039279869067,50282,5.896636962890625,37.93039321899414
D010,S007,D010-S007,166,0.0508422664624808,0.070042194092827,15153,6.123692512512207,35.53229522705078
D010,S008,D010-S008,70,0.0214395099540581,0.0473933649289099,40314,7.235574722290039,33.768768310546875
D010,S009,D010-S009,75,0.0229709035222052,0.0502680965147453,5120,7.572342395782471,34.74824905395508
D010,S010,D010-S010,69,0.0211332312404287,0.0461847389558232,49112,6.937393665313721,35.32881164550781
D010,S011,D010-S011,69,0.0211332312404287,0.0466216216216216,3309,8.060373306274414,35.46075820922852
D010,S012,D010-S012,51,0.0156202143950995,0.0376661742983751,37499,9.238969802856444,35.277591705322266
D010,S013,D010-S013,73,0.0223583460949464,0.0522174535050071,8736,6.602294445037842,36.61761474609375
D010,S014,D010-S014,119,0.0364471669218989,0.0986733001658374,30210,6.435341358184815,32.749778747558594
D010,S015,D010-S015,73,0.0223583460949464,0.0515901060070671,48317,6.876551628112793,34.81248092651367
D010,S016,D010-S016,140,0.0428790199081163,0.1068702290076335,16063,6.859109878540039,35.23190689086914
D010,S017,D010-S017,111,0.0339969372128637,0.0935919055649241,4606,6.838742733001709,35.328514099121094
D010,S018,D010-S018,63,0.0192955589586523,0.0495283018867924,37932,8.240123748779297,34.122222900390625
D010,S019,D010-S019,68,0.0208269525267993,0.0492753623188405,8013,7.934511184692383,33.70599365234375
D010,S020,D010-S020,86,0.0263399693721286,0.0595980595980596,28190,6.317633152008057,34.262813568115234
D010,S021,D010-S021,58,0.0177641653905053,0.0431226765799256,29061,8.325065612792969,34.792118072509766
D010,S022,D010-S022,56,0.0171516079632465,0.0422004521477015,44048,6.458791255950928,34.86787033081055
D010,S023,D010-S023,61,0.0186830015313935,0.0459683496608892,22204,8.776518821716309,36.4302864074707
D010,S024,D010-S024,51,0.0156202143950995,0.037890044576523,34792,7.202447414398193,34.91670227050781
D010,S025,D010-S025,60,0.0183767228177641,0.043010752688172,19365,8.06000804901123,32.97841262817383
D010,S026,D010-S026,69,0.0211332312404287,0.0522727272727272,23935,6.932384967803955,33.794315338134766
D010,S027,D010-S027,62,0.0189892802450229,0.0474732006125574,9608,7.964778423309326,33.810977935791016
D010,S028,D010-S028,53,0.0162327718223583,0.0385174418604651,47152,9.046988487243652,32.81024932861328
D010,S029,D010-S029,59,0.0180704441041347,0.0451761102603369,27377,6.832230567932129,35.015098571777344
D010,S030,D010-S030,52,0.0159264931087289,0.045021645021645,12474,7.476238250732422,35.10927200317383
D010,S031,D010-S031,56,0.0171516079632465,0.0510018214936247,11395,7.000161170959473,36.35409927368164
D010,S032,D010-S032,53,0.0162327718223583,0.0417651694247438,27595,8.5482759475708,35.25997543334961
D010,S036,D010-S036,52,0.0159264931087289,0.0458149779735682,40158,8.278350830078125,34.42794418334961
D011,S002,D011-S002,270,0.1064249113125739,0.0352941176470588,50335,2.9829373359680176,33.834312438964844
D011,S003,D011-S003,221,0.0871107607410327,0.086092715231788,12647,4.037588119506836,39.30817413330078
D011,S004,D011-S004,95,0.0374458021284982,0.0397323295692179,553,5.726321697235107,38.4172248840332
D011,S005,D011-S005,173,0.0681907765076862,0.0809546092653252,33489,6.827204704284668,38.93696212768555
D011,S006,D011-S006,109,0.0429641308632242,0.0445990180032733,12210,6.791943550109863,34.556114196777344
D011,S007,D011-S007,115,0.0453291288923925,0.0485232067510548,49943,6.493809700012207,34.93721389770508
D011,S008,D011-S008,73,0.0287741426882144,0.0494245091401489,18961,4.778652191162109,34.895835876464844
D011,S009,D011-S009,68,0.0268033109972408,0.0455764075067024,48823,6.763596057891846,32.49428176879883
D011,S010,D011-S010,62,0.0244383129680725,0.0414993306559571,44535,7.414629459381103,36.59113311767578
D011,S011,D011-S011,67,0.0264091446590461,0.0452702702702702,21333,7.757253646850586,34.87737274169922
D011,S013,D011-S013,55,0.0216791486007095,0.0393419170243204,32913,6.804336071014404,33.76516342163086
D011,S014,D011-S014,87,0.0342924714229404,0.072139303482587,43112,7.3266215324401855,32.74074935913086
D011,S015,D011-S015,60,0.023649980291683,0.0424028268551236,21227,7.953540325164795,34.07291793823242
D011,S016,D011-S016,104,0.0409932991722506,0.0793893129770992,22733,5.690338611602783,35.644535064697266
D011,S017,D011-S017,103,0.0405991328340559,0.0868465430016863,6934,6.657833099365234,36.52119445800781
D011,S018,D011-S018,50,0.0197083169097359,0.0393081761006289,45330,7.029506683349609,33.3224983215332
D011,S019,D011-S019,60,0.023649980291683,0.0434782608695652,16143,6.959173202514648,38.43959045410156
D011,S020,D011-S020,69,0.0271974773354355,0.0478170478170478,13419,6.653395652770996,35.82563781738281
D011,S022,D011-S022,51,0.0201024832479306,0.0384325546345139,60705,5.834786415100098,34.85432052612305
D011,S023,D011-S023,55,0.0216791486007095,0.041446872645064,46397,7.464889049530029,34.71846008300781
D011,S024,D011-S024,57,0.0224674812770989,0.0423476968796433,21895,9.905247688293455,33.275421142578125
D011,S027,D011-S027,59,0.0232558139534883,0.0451761102603369,44456,6.478550910949707,36.5412483215332
D011,S028,D011-S028,58,0.0228616476152936,0.0421511627906976,20348,7.46728515625,34.657718658447266
D011,S029,D011-S029,53,0.02089081592432,0.0405819295558958,45816,8.064470291137695,35.345672607421875
D011,S030,D011-S030,59,0.0232558139534883,0.051082251082251,56463,6.118750095367432,35.83597183227539
D011,S032,D011-S032,60,0.023649980291683,0.0472813238770685,25962,8.315377235412598,32.33979415893555
D012,S000,D012-S000,381,0.4150326797385621,0.2179633867276887,42902,6.068292140960693,34.3217658996582
D012,S001,D012-S001,341,0.3714596949891067,0.2114073155610663,61744,6.499772071838379,35.32743453979492
