target_id,eta,tau_transfer,ipr,purity,c_l1,dataset_index
0,0.7584671,13.679777,0.24725586,0.26755,0.47606024,33458
1,0.19029836,29.206373,0.668512,0.67043525,0.12942995,74123
2,0.27761433,16.832853,0.26614442,0.30238298,0.5041054,57950
3,0.8215711,20.109015,0.26017472,0.27023384,0.29238144,132514
4,0.9542749,7.8531504,0.23684888,0.24990356,0.3851833,16005
5,0.8926104,17.333122,0.20670004,0.21893375,0.43974382,117269
6,0.9328691,6.2080483,0.2524332,0.26191923,0.3260561,79622
7,0.9816332,5.389304,0.2285614,0.24210514,0.4024908,3648
8,0.99189395,2.958586,0.3242428,0.39422894,0.7152921,71597
9,0.9380948,15.09445,0.21274278,0.22207873,0.37097368,15184
10,0.3533679,15.903919,0.26431936,0.2954089,0.5033014,116513
11,0.58143514,20.258993,0.23310496,0.26235133,0.45395133,72301
12,0.17833596,27.576347,0.8260057,0.82681197,0.10525237,105690
13,0.6999377,19.408997,0.30825895,0.37106785,0.69473225,8656
14,0.56644064,22.261204,0.2002014,0.22082578,0.4909403,56719
15,0.8357882,15.258431,0.35309833,0.35740274,0.2472404,6689
16,0.97950435,3.3362637,0.2791093,0.30948865,0.4676934,100831
17,0.8213266,20.952593,0.45154494,0.46469358,0.2972435,116679
18,0.07165852,30.52825,0.41275868,0.42202425,0.2335222,101305
19,0.44525677,25.671879,0.3178487,0.32355633,0.26838478,84681
20,0.11241332,27.629997,0.3617695,0.36447397,0.1772296,29614
21,0.90898746,11.489827,0.19924553,0.2113309,0.39048547,123859
22,0.14017388,27.405123,0.50211406,0.5138985,0.28082356,23074
23,0.96750814,10.810547,0.21717158,0.2430961,0.46855432,39388
24,0.57894224,12.69378,0.24781907,0.27554154,0.46762252,43478
25,0.14926344,27.982382,0.34924078,0.36339417,0.30188543,20356
26,0.17486508,27.49588,0.2087741,0.24231182,0.4174216,16026
27,0.83776194,10.556422,0.49969897,0.5153278,0.32517964,107466
28,0.85911524,20.116085,0.22340457,0.23826282,0.37446204,966
29,0.95448196,11.806327,0.35742295,0.362317,0.25927675,64630
30,0.95581746,7.8988957,0.5376967,0.5409289,0.19346185,54231
31,0.8265191,18.020243,0.25307313,0.26497865,0.3731522,88946
32,0.4251765,26.881758,0.34101763,0.3654213,0.4346095,53973
33,0.26906386,29.479458,0.47149256,0.47205588,0.08023107,3780
34,0.7910845,8.753873,0.32675344,0.330872,0.18104318,33369
35,0.9604588,10.726496,0.26803547,0.27506015,0.2394322,107298
36,0.74816424,20.599714,0.2153853,0.22379883,0.30053902,438
37,0.7057752,20.88893,0.33743313,0.378856,0.4793313,114877
38,0.9171716,11.977125,0.21092434,0.21796142,0.2701651,7605
39,0.8091837,16.048763,0.35426044,0.35733542,0.22742453,15555
40,0.4872733,24.499378,0.6528329,0.65993994,0.2622686,79003
41,0.3272198,28.572351,0.2764688,0.29257074,0.33818063,21133
42,0.6676844,17.194998,0.35203397,0.3696623,0.32533953,13497
43,0.20223852,26.457943,0.3336268,0.35060653,0.35357392,138175
44,0.71210027,20.609009,0.20744209,0.21471155,0.3618089,14756
45,0.92296517,8.217064,0.28740525,0.2927139,0.24605627,86386
46,0.99411213,5.7093306,0.18793839,0.21306454,0.569427,62112
47,0.39657944,25.758356,0.29651713,0.3012383,0.23993585,90336
48,0.3051758,22.778698,0.20980999,0.21571718,0.2750041,26553
49,0.23206739,27.365128,0.27865744,0.3234331,0.52623135,71595
50,0.9519933,8.143304,0.39042464,0.4010223,0.33748624,54029
51,0.15314956,25.967892,0.29575887,0.309474,0.3785461,126241
52,0.6138185,23.328236,0.32066396,0.370717,0.6176781,48181
53,0.9128947,15.74081,0.22438486,0.25013077,0.50879335,118408
54,0.9406932,12.716965,0.27513498,0.29039907,0.5042295,132888
55,0.1713736,24.089294,0.33033255,0.33302355,0.22643408,77211
56,0.928411,12.686552,0.2703113,0.30094028,0.54258186,24993
57,0.08381365,29.16065,0.30132908,0.3048634,0.21369682,89584
58,0.81023276,16.308239,0.25414038,0.26776546,0.35070863,21287
59,0.24107951,26.234648,0.86947674,0.87010956,0.08143045,87885
60,0.6373154,22.101055,0.22667082,0.2654196,0.4601942,123520
61,0.7488985,22.824816,0.4855495,0.49909177,0.39332604,92683
62,0.9635143,12.703297,0.3846223,0.41405958,0.43764108,62402
63,0.120743476,30.155148,0.22219725,0.22367024,0.14986375,107660
64,0.69193363,23.776144,0.3273452,0.3301339,0.2449256,114838
65,0.9033592,16.808657,0.3665114,0.37366894,0.33575636,129419
66,0.9810648,6.784301,0.1867344,0.22869974,0.6699938,104180
67,0.9050931,10.385718,0.27195257,0.2771916,0.25640616,45584
68,0.95060927,3.6110168,0.26646313,0.27673438,0.27322555,107511
69,0.9828951,6.010696,0.25168145,0.2906723,0.45278525,130638
70,0.16552414,26.884502,0.81300145,0.8157679,0.14969918,84389
71,0.98331374,4.9777174,0.3490426,0.35605392,0.28701532,77346
72,0.95227647,9.029182,0.63416433,0.64924705,0.24559991,132543
73,0.4156221,21.96439,0.25565356,0.2694603,0.43903217,34829
74,0.50898254,22.379879,0.32197392,0.33196816,0.23478936,16447
75,0.18796815,24.718775,0.33605602,0.33791295,0.14140126,41036
76,0.7675487,16.072035,0.23194991,0.23660281,0.28200436,95966
77,0.96104586,13.033727,0.18100923,0.20873229,0.61596453,8251
78,0.35552377,27.470287,0.7829671,0.7839013,0.0946497,18874
79,0.9606615,14.723011,0.3858661,0.39102417,0.2935697,75139
80,0.57568127,21.917786,0.2784825,0.28892547,0.32041407,131370
81,0.9504329,7.114172,0.31666517,0.3219526,0.24728559,115990
82,0.4137369,24.832193,0.46234486,0.4684225,0.24307573,109934
83,0.25834417,28.8861,0.3619847,0.40253738,0.45567232,48295
84,0.4281423,23.391497,0.26030293,0.29315227,0.39063296,70309
85,0.84018725,10.883569,0.21391621,0.21809272,0.22822689,64679
86,0.6466955,23.988289,0.27970874,0.28765595,0.32606697,4107
87,0.50196135,22.163916,0.2749696,0.28339043,0.2803597,13073
88,0.48985597,22.574947,0.6303898,0.63209766,0.13119675,90441
89,0.38836735,27.611963,0.26168185,0.26483282,0.21164095,84205
90,0.62825906,21.258476,0.2420109,0.25033903,0.34484452,68647
91,0.7754382,13.57105,0.24259923,0.25187498,0.23061833,87033
92,0.67514026,14.355022,0.2481612,0.25377217,0.2566046,107365
93,0.9862209,4.992883,0.3819591,0.38894114,0.26344714,40735
94,0.95812285,8.599814,0.39020193,0.39981133,0.30177665,3418
95,0.19651225,26.84561,0.2628127,0.2727467,0.2764581,5376
96,0.45572323,22.520437,0.22139704,0.2307772,0.32520247,85534
97,0.8888163,14.852062,0.30021733,0.30192927,0.17083138,87802
98,0.85772574,16.761538,0.18706726,0.19379604,0.34753338,19714
99,0.4667186,22.163942,0.2250121,0.23329534,0.41175765,112128
100,0.448897,24.891273,0.34677616,0.3497091,0.18294977,128721
101,0.18957847,27.44778,0.26025674,0.26997843,0.32319087,41700
102,0.2560727,27.185375,0.30448842,0.30994168,0.29291958,111415
103,0.41071266,28.079338,0.3259311,0.32747525,0.12081507,41846
104,0.6528381,21.131826,0.23231246,0.24861024,0.4301315,88985
105,0.19462454,24.111979,0.29124674,0.29981074,0.36894187,61083
106,0.17344321,28.497353,0.67832756,0.6789487,0.10123794,2507
107,0.07984919,23.431452,0.22278814,0.24091251,0.47333917,88701
108,0.19782972,27.096684,0.30239072,0.3105972,0.23516855,20233
109,0.96223354,10.65801,0.17620383,0.18585497,0.35803276,65784
110,0.67912954,22.619465,0.33696523,0.33971024,0.20639324,77021
111,0.8104544,10.749181,0.26448187,0.2722839,0.34195542,91847
112,0.11953876,23.177954,0.66743,0.67032707,0.19682221,134768
113,0.91650623,7.1120553,0.46790993,0.47189492,0.1981455,1618
114,0.5597202,22.602724,0.27822566,0.35036916,0.5864679,102678
115,0.95395523,15.153366,0.29831457,0.32274783,0.49964646,100814
116,0.9485913,11.611339,0.22809029,0.24676704,0.5080616,127274
117,0.8512997,17.14421,0.23024854,0.2371178,0.30796364,24292
118,0.95481944,9.069697,0.18998358,0.20126101,0.3852934,124114
119,0.7292272,15.352625,0.33287448,0.34990236,0.45254073,68315
120,0.6859267,22.776274,0.46233478,0.46717453,0.18751529,98069
121,0.99406284,5.2553906,0.20289335,0.23949708,0.6908754,67798
122,0.5330355,24.512684,0.58080995,0.5824037,0.1626165,91722
123,0.8638806,14.797662,0.2344146,0.24700767,0.3999716,88491
124,0.5930979,19.38417,0.37228206,0.47810468,0.57866937,128377
125,0.11936989,25.506084,0.20436344,0.25969046,0.628498,66005
126,0.91243213,16.227629,0.26331612,0.27107987,0.32694593,60871
127,0.815457,19.4621,0.25892687,0.2634544,0.26724717,3661
128,0.16135001,28.301107,0.37974232,0.3824067,0.2346681,5254
129,0.79903287,14.983558,0.27745393,0.28180128,0.2387503,103048
130,0.9764666,8.969985,0.17663778,0.22192945,0.6562025,41610
131,0.49949542,18.65179,0.21536367,0.2405355,0.49498078,43739
132,0.9611297,4.2591558,0.32463923,0.33303913,0.2031044,106331
133,0.66716266,21.724648,0.23176423,0.24029805,0.35671666,99376
134,0.9083497,9.554885,0.26990777,0.28174427,0.3503315,17825
135,0.6736085,23.783697,0.5372027,0.54148954,0.21574281,104515
136,0.7665359,19.221857,0.20338193,0.2209849,0.49562517,48891
137,0.87290853,18.840435,0.17920546,0.20985526,0.48163995,29684
138,0.09075033,26.818455,0.26332998,0.26608127,0.18700095,25533
139,0.7681416,18.334352,0.8197346,0.8252538,0.1902688,20962
140,0.34637225,28.02469,0.2612827,0.2771357,0.29447126,119733
141,0.3930655,25.216278,0.33799875,0.35717443,0.4834872,55846
142,0.13220209,27.442757,0.3016329,0.3157956,0.36197683,42954
143,0.52073383,22.369987,0.18364699,0.20918016,0.5864407,113506
144,0.157177,29.427174,0.32874823,0.33604646,0.3037447,44350
145,0.9027792,8.970675,0.25184458,0.278499,0.4988706,51254
146,0.50012565,16.461933,0.23202096,0.23934329,0.28994894,18035
147,0.53644776,21.155361,0.22251806,0.23083885,0.38375568,57139
148,0.6634564,18.851463,0.2600071,0.26329082,0.23805518,288
149,0.79485834,15.779094,0.2263196,0.23980963,0.39517897,54183
150,0.070121095,27.556084,0.96538943,0.96554184,0.038153097,17827
151,0.4973401,27.58751,0.5062406,0.5076567,0.15230675,42200
152,0.17702001,28.349092,0.28710875,0.28924185,0.1408743,50369
153,0.7470299,19.496372,0.22233842,0.24333227,0.50226736,119874
154,0.2259466,22.633484,0.22624949,0.23233566,0.24709448,110298
155,0.85445946,18.22089,0.25985387,0.30349293,0.42551678,1539
156,0.84594667,15.744453,0.39838147,0.42650217,0.5314537,52379
157,0.77376485,15.272466,0.4046297,0.41623184,0.3413217,68642
158,0.1847325,24.587997,0.29889354,0.31951642,0.38287804,139498
159,0.8747653,5.966621,0.23841435,0.24276061,0.26273558,1502
160,0.16614236,25.79963,0.49021357,0.5076604,0.3123826,127469
161,0.9592159,5.5796895,0.26853508,0.27953848,0.30148184,43268
162,0.9084822,17.564554,0.24044713,0.24926578,0.3240329,42803
163,0.31125742,22.369558,0.26200303,0.36804664,0.71938926,1459
164,0.4174658,19.837389,0.21155006,0.21506488,0.22330345,68069
165,0.6306602,12.79828,0.32826695,0.34460637,0.3558489,46663
166,0.87527996,14.113092,0.21014732,0.23421419,0.47727737,102649
167,0.055500045,26.757128,0.36788923,0.3722383,0.20740405,23918
168,0.9634831,9.824373,0.22221565,0.23145387,0.34987503,129278
169,0.9512185,5.435145,0.31485316,0.35973653,0.40417278,88135
170,0.17418015,27.298477,0.34834108,0.3515214,0.19718997,83412
171,0.26585367,28.249697,0.40244472,0.4884497,0.5374531,95843
172,0.6105009,23.13431,0.55489653,0.56111866,0.22003186,127898
173,0.6201903,22.282326,0.27630904,0.28633088,0.39370427,131660
174,0.920569,5.976424,0.45569226,0.46005416,0.15364957,116898
175,0.4368854,27.196178,0.28598428,0.30417836,0.3518146,62291
176,0.9371833,4.2727866,0.37492657,0.3836945,0.28719553,59051
177,0.3774842,25.969688,0.8260946,0.82788026,0.13646677,11502
178,0.15072244,28.104229,0.29563823,0.3006917,0.21228768,42254
179,0.9381767,2.7796597,0.34425157,0.36166787,0.32354036,46132
180,0.37032053,26.036715,0.31001493,0.32229596,0.3179883,51618
181,0.9761339,12.398172,0.26405317,0.26692203,0.19055498,67014
182,0.98323125,7.293705,0.18892466,0.20418373,0.38552797,99602
183,0.97444177,9.519079,0.24165972,0.26373178,0.49248752,67695
184,0.67017376,21.726582,0.42676258,0.42880788,0.18695776,41623
185,0.17347693,23.181128,0.24559449,0.3122152,0.71904093,67410
186,0.40926892,23.096407,0.22079779,0.23269965,0.39379376,57821
187,0.87789935,11.328646,0.2570406,0.25945377,0.17801166,5920
188,0.4099868,25.91455,0.54621243,0.5467785,0.09397277,70264
189,0.6421041,24.806776,0.38167205,0.3842057,0.19629765,122404
190,0.42721227,25.1097,0.76693326,0.7684736,0.11646682,125615
191,0.09353386,23.870848,0.21282002,0.22480519,0.39727622,61615
192,0.91231287,12.093957,0.23634078,0.2517658,0.3823296,4980
193,0.9666059,11.439846,0.36922804,0.3845366,0.4353785,100008
194,0.21902457,28.33867,0.8564889,0.85750955,0.09974089,49295
195,0.95940125,16.17942,0.33367944,0.33721516,0.24706848,82382
196,0.5333079,24.617947,0.33726513,0.3399275,0.19957608,24276
197,0.18479988,24.577337,0.6083756,0.6118201,0.20934775,53983
198,0.5756875,24.135557,0.27257717,0.2769333,0.21184646,92812
199,0.7944265,16.446856,0.2887997,0.30435038,0.35470855,136517
200,0.91785604,4.7940564,0.28115964,0.2912199,0.3271654,76666
201,0.031251553,24.826643,0.29425612,0.3056174,0.28451583,79555
202,0.28820732,19.60513,0.2335871,0.23656078,0.22775514,117461
203,0.84077525,14.30075,0.21515587,0.22222431,0.30185437,73404
204,0.38218084,19.519865,0.4165194,0.46556637,0.37398532,93290
205,0.4991929,19.237764,0.42686492,0.42910475,0.15040667,60388
206,0.5038399,15.150395,0.34107965,0.3478903,0.26401186,138453
207,0.6337114,18.721075,0.5062929,0.5074835,0.11481538,137789
208,0.5218997,24.327305,0.22080491,0.23131151,0.3985246,73576
209,0.96925884,9.788651,0.29172635,0.30962852,0.3831538,65699
210,0.09494855,25.680159,0.2657775,0.2686766,0.18744282,131957
211,0.09700054,29.897211,0.5346303,0.5360146,0.13757811,56838
212,0.922102,12.47795,0.25534257,0.26792622,0.3647414,74392
213,0.9525448,9.497598,0.669496,0.6802452,0.2390646,27582
214,0.022575999,26.11699,0.28480977,0.29009497,0.22421275,39616
215,0.98219115,6.200924,0.6923044,0.7000263,0.18214685,118498
216,0.89664364,15.457788,0.41100755,0.41481394,0.19530971,3750
217,0.31246853,18.686245,0.22260462,0.23056856,0.30568507,124660
218,0.6954102,23.035995,0.61984855,0.6221708,0.18806607,58244
219,0.66224164,24.630816,0.29796034,0.30647868,0.33943483,22477
220,0.33128765,20.73046,0.29129928,0.33917317,0.49903515,22625
221,0.22036391,28.427147,0.23846011,0.2458106,0.26518774,35316
222,0.47545728,19.119091,0.3490778,0.35220948,0.17081214,51030
223,0.9441092,7.9127345,0.2731104,0.30915132,0.4763951,1072
224,0.83115256,17.963335,0.24856496,0.2796273,0.6282146,43252
225,0.7710879,11.999344,0.26896265,0.28558514,0.39653227,122611
226,0.08373386,21.750286,0.23191199,0.23914018,0.2567246,100627
227,0.39124614,25.54052,0.59793234,0.60088986,0.16352816,2721
228,0.07997736,25.063278,0.37589064,0.37932542,0.18083556,24569
229,0.07289079,28.077456,0.38031256,0.3924869,0.29339442,41521
230,0.13931303,23.992552,0.290519,0.299823,0.2844439,62517
231,0.6362742,20.406773,0.261379,0.2719739,0.33112547,17066
232,0.29394087,21.852108,0.2483825,0.25417295,0.24930929,91418
233,0.16406295,30.972347,0.4185848,0.42051584,0.16478589,32688
234,0.4917091,27.438684,0.42513898,0.42835578,0.24036537,91789
235,0.91147655,15.363368,0.19837642,0.24767542,0.8043472,13028
236,0.044724163,23.031775,0.21503708,0.22414741,0.28810146,70948
237,0.5405529,22.52343,0.34466538,0.38059124,0.35471535,28223
238,0.14918949,25.68636,0.2929502,0.30875295,0.43659955,78181
239,0.44862574,26.42577,0.6325838,0.6380062,0.24677007,105157
240,0.079751275,24.599041,0.22688648,0.22869721,0.17098586,108248
241,0.9245767,9.835166,0.29755396,0.32644728,0.38868377,103589
242,0.5976879,22.338085,0.2626575,0.3146407,0.52752966,8463
243,0.9736238,12.105621,0.29644313,0.31168774,0.4676204,100731
244,0.97604,4.076639,0.2797953,0.32368872,0.56989783,16512
245,0.96457726,11.064753,0.20988674,0.22788495,0.4876974,125001
246,0.81628245,17.2654,0.1774206,0.19805776,0.61438125,99304
247,0.8557076,14.390379,0.30840245,0.37506026,0.5678094,59368
248,0.5286346,21.211502,0.22244284,0.25232762,0.56189287,135254
249,0.34231502,25.90376,0.25250646,0.2626259,0.3366831,31376
250,0.59944224,22.630375,0.2234351,0.23458858,0.3840917,43095
251,0.503693,22.85769,0.29215786,0.295182,0.21559742,94578
252,0.8442917,12.085671,0.24455297,0.26482847,0.3846271,54985
253,0.72779435,16.673859,0.25857168,0.26630026,0.3865754,13421
254,0.7968547,18.645573,0.49175027,0.4992052,0.25957227,14240
255,0.7083659,18.70371,0.24550048,0.26725075,0.51385146,48132
256,0.9134295,13.021815,0.21295598,0.23470072,0.5485922,57668
257,0.5782253,22.619211,0.30117878,0.30450645,0.2280414,36940
258,0.9824236,9.724348,0.21044233,0.23029381,0.51846653,33477
259,0.9172222,11.376332,0.21989527,0.29873827,0.8243051,52426
260,0.5971405,24.50838,0.32135475,0.32503062,0.2820252,38779
261,0.8585684,14.2007885,0.25513637,0.29645187,0.52818686,91841
262,0.020702537,28.997772,0.7701232,0.7711211,0.13712277,24873
263,0.8966085,12.671608,0.39034554,0.4013261,0.36303815,51934
264,0.052459534,28.339094,0.3252173,0.33479056,0.25707704,39532
265,0.87256724,11.510583,0.26516834,0.28399855,0.28436866,31062
266,0.29948872,24.913795,0.44163948,0.4461289,0.2384472,50183
267,0.7044345,22.294357,0.26164585,0.26541677,0.22317527,36167
268,0.6832746,17.090548,0.26792148,0.2834196,0.40337574,8665
269,0.17031556,21.382309,0.22443794,0.25195977,0.3877402,76263
270,0.9905427,8.425476,0.24991564,0.26711765,0.4856078,35307
271,0.9666776,11.373203,0.18051122,0.19229783,0.42983165,3600
272,0.34110647,26.640862,0.27078304,0.32109302,0.48733088,22106
273,0.4112961,26.475035,0.37116262,0.3724164,0.13212761,4726
274,0.98767126,4.3296614,0.2382341,0.27962372,0.5912923,40472
275,0.50767136,22.754032,0.21536247,0.23122686,0.39781028,75375
276,0.87499845,7.6722603,0.26142305,0.29634565,0.42765832,72147
277,0.7035127,19.36888,0.22432528,0.23307046,0.37396392,63301
278,0.3403389,24.13241,0.24628319,0.26130217,0.47656867,54225
279,0.87947303,20.354042,0.41001642,0.41278175,0.20789205,113564
280,0.053582173,27.387335,0.38918698,0.3955653,0.2267816,81275
281,0.9785827,6.7831244,0.31473753,0.3415968,0.48362392,33040
282,0.098473705,27.787012,0.7885107,0.7911142,0.14258045,10154
283,0.9169395,4.2195415,0.29325196,0.32434544,0.4232211,28013
284,0.94863003,3.9497595,0.38458106,0.39139143,0.23233356,64595
285,0.5383165,25.504929,0.25300983,0.25603256,0.21325514,101396
286,0.13756576,25.181318,0.28689077,0.29042092,0.19157448,76265
287,0.9724585,11.131249,0.19539723,0.21733171,0.51052403,75669
288,0.8090895,9.103118,0.27225062,0.28069246,0.251169,137408
289,0.37279156,19.20243,0.28224108,0.28331393,0.1267166,103445
290,0.9592784,12.128454,0.34557536,0.3493677,0.22845373,92865
291,0.44090167,25.284513,0.25462192,0.25806665,0.22859465,46257
292,0.95820147,10.146467,0.23355508,0.24389672,0.41561747,41425
293,0.6343021,22.703932,0.38604996,0.50838137,0.7699292,54336
294,0.83460915,15.194866,0.2382669,0.24308197,0.25055584,68603
295,0.20137583,22.813358,0.2420166,0.24741398,0.25468296,172
296,0.9812167,4.9363704,0.24906309,0.28835976,0.54516137,123016
297,0.6875048,23.04109,0.56519747,0.5686443,0.22414039,41918
298,0.961938,11.166701,0.29986548,0.3183474,0.4789732,116501
299,0.10203388,26.510551,0.33324665,0.33710477,0.1958459,83289
300,0.490944,23.12739,0.25164253,0.3019152,0.6454462,81192
301,0.923299,14.699223,0.30026478,0.3555695,0.6123233,98843
302,0.5867815,19.040152,0.26382,0.2698244,0.2739238,118308
303,0.14542727,24.447695,0.36044312,0.36110398,0.09438489,39536
304,0.90485644,12.909215,0.2646462,0.2729385,0.37923038,14631
305,0.3854943,21.239113,0.25528932,0.28744483,0.48869804,73046
306,0.9186843,2.886876,0.279381,0.3340104,0.44246468,92435
307,0.9102682,8.709953,0.25203067,0.26211572,0.29503158,33698
308,0.4348035,21.646608,0.211076,0.29017657,0.8920513,39362
309,0.9647048,7.9841905,0.19930682,0.20805982,0.37749887,71514
310,0.30567494,27.366968,0.5179925,0.51924,0.13638976,117528
311,0.25995806,18.83032,0.21972083,0.24762735,0.5050828,131305
312,0.92470616,8.289946,0.41474327,0.4221024,0.2142116,36270
313,0.66858584,24.711943,0.30780885,0.31068867,0.20432056,126305
314,0.657395,22.130531,0.5336939,0.5518591,0.41703588,19407
315,0.23976566,25.276556,0.44294608,0.4741078,0.37475488,57889
316,0.23105118,28.889288,0.557855,0.5610712,0.16851021,106156
317,0.45700952,24.155535,0.26423794,0.2692116,0.28750113,125247
318,0.7394128,17.904608,0.23486462,0.25301483,0.3827207,92795
319,0.89365727,16.786804,0.32529032,0.3571512,0.44236517,6400
320,0.32275113,28.142456,0.28867918,0.29126674,0.22427547,43454
321,0.9050683,11.274244,0.3446026,0.34796268,0.1711779,24302
322,0.94564897,13.800077,0.1814734,0.2639116,1.0787532,134431
323,0.8050401,14.9229355,0.22444968,0.23672551,0.36564004,89991
324,0.6402763,23.677908,0.4627116,0.46429175,0.15736014,58068
325,0.30077958,25.690079,0.5367874,0.5396353,0.13487516,8442
326,0.7691884,18.937822,0.26469985,0.2769085,0.3884387,88077
327,0.732066,14.123938,0.24891457,0.26345873,0.29674077,107582
328,0.9191997,13.772166,0.4102315,0.42607796,0.3466368,104320
329,0.41259184,27.475092,0.44638544,0.45441663,0.2732255,137267
330,0.9717661,12.911549,0.22539449,0.24735048,0.52861905,4810
331,0.8560561,15.76437,0.29652497,0.30799785,0.25539446,110343
332,0.93799037,11.271418,0.24299385,0.24889544,0.28999135,49176
333,0.8681791,18.227242,0.22086164,0.24349432,0.50858754,41159
334,0.330599,23.561222,0.23971626,0.24284868,0.21254627,10270
335,0.97456056,8.709268,0.19734758,0.2071362,0.3424488,121837
336,0.027540525,24.195015,0.702881,0.70330316,0.07366444,30030
337,0.5943585,22.772343,0.3816662,0.38638133,0.21377258,60972
338,0.36463356,27.009958,0.31489873,0.3163603,0.15160444,75095
339,0.74119526,15.460986,0.2534969,0.25991252,0.26770148,5749
340,0.85701734,8.216132,0.2765919,0.28981075,0.31186992,63652
341,0.9050151,18.699442,0.42024383,0.42450008,0.24924581,80826
342,0.8546216,17.806498,0.29050747,0.30768958,0.33445007,1331
343,0.7034151,19.68113,0.33106682,0.38792288,0.6058313,92981
344,0.50458926,23.130035,0.25564048,0.2622711,0.291332,25673
345,0.30130863,25.175379,0.19328962,0.2053981,0.4114699,32015
346,0.7752736,19.406694,0.4986808,0.50538456,0.24310313,46005
347,0.58710676,21.892153,0.21306601,0.22027192,0.3254593,74040
348,0.5409324,21.753227,0.38500348,0.38675088,0.1553964,50131
349,0.93265074,7.4492674,0.30763975,0.31141207,0.2108651,52836
350,0.9066476,9.459951,0.24396086,0.25258455,0.28588873,10853
351,0.6695798,21.5644,0.2356383,0.23902915,0.1832147,29405
352,0.4784927,20.775179,0.68206495,0.69098955,0.2314612,83794
353,0.508977,24.81757,0.57029223,0.57133555,0.1462439,76415
354,0.69928706,21.260862,0.23150632,0.2393943,0.3283905,136889
355,0.82905596,15.367041,0.20931473,0.22283678,0.45504782,39837
356,0.27781293,27.503887,0.23664585,0.2400437,0.18906361,76996
357,0.86240333,16.007492,0.36390293,0.36720103,0.22759818,86257
358,0.6073094,22.492666,0.24542265,0.248188,0.22020233,61418
359,0.44597816,22.952667,0.237915,0.25834075,0.5683225,105897
360,0.5793359,17.706892,0.2956425,0.2972913,0.1402211,22583
361,0.98255837,7.8438067,0.18648213,0.24216722,0.7846514,120835
362,0.46006468,21.037758,0.65144384,0.65235484,0.09922745,56385
363,0.9875173,8.657264,0.34454933,0.35175616,0.30301982,48010
364,0.9755411,2.7574332,0.2956459,0.34374234,0.49602807,108455
365,0.8077846,20.378887,0.5749483,0.57677805,0.14658864,16621
366,0.93529975,12.992382,0.24704927,0.25915724,0.42993608,108201
367,0.92506063,13.249135,0.25135317,0.26898745,0.38612136,133681
368,0.6203297,18.492188,0.28353617,0.2937061,0.35993224,11630
369,0.8571819,12.492165,0.31600344,0.32022804,0.21154135,130214
370,0.9339273,17.456198,0.42965928,0.43965527,0.32727706,106179
371,0.2407927,26.25108,0.3181193,0.32604605,0.24647482,8272
372,0.8176798,19.57138,0.3682184,0.3701209,0.20028445,133477
373,0.987361,7.2971435,0.21352538,0.24780773,0.5999285,126941
374,0.9808278,7.200929,0.20095976,0.22564816,0.54885876,71400
375,0.59236413,23.570591,0.21439296,0.21860562,0.21576987,8588
376,0.9458337,11.176071,0.27157214,0.28455418,0.38199484,58924
377,0.14953674,26.999628,0.3190921,0.32509002,0.2537565,118268
378,0.4083557,27.730673,0.62580574,0.6269689,0.1202478,69853
379,0.6601562,17.456558,0.30393577,0.3102106,0.3070319,60645
380,0.9271995,15.929985,0.1846433,0.20985167,0.47504967,95234
381,0.9513495,11.320383,0.20829318,0.23389399,0.65823007,63921
382,0.8447194,18.86852,0.21774314,0.22505257,0.26045832,70346
383,0.24552983,25.506907,0.21609637,0.22993435,0.42299077,35981
384,0.5492954,23.574694,0.33636335,0.34518835,0.3267265,40051
385,0.8622392,14.423808,0.21883625,0.22360179,0.25654277,13204
386,0.9674413,12.634002,0.37697485,0.3875173,0.42318583,75824
387,0.097547434,29.821735,0.620935,0.6225348,0.12945186,20307
388,0.81373644,21.91906,0.23652063,0.24086946,0.23290618,110524
389,0.69142824,22.646313,0.3010357,0.3124578,0.27880985,119881
390,0.21227527,23.496109,0.35338318,0.36563972,0.32119486,77427
391,0.609456,19.936169,0.2263238,0.23711468,0.2691413,107529
392,0.8510731,15.85611,0.24815091,0.27998236,0.51524407,68428
393,0.98240215,5.504512,0.22059989,0.23708025,0.4140505,120665
394,0.5896801,16.736021,0.23207158,0.25690183,0.40174028,97373
395,0.88869727,17.067566,0.29308587,0.3328983,0.4433532,8208
396,0.9302492,14.864946,0.32705274,0.33495492,0.29526386,102313
397,0.096419446,23.234922,0.21608031,0.24044994,0.41493818,86117
398,0.6928712,20.031834,0.26634645,0.2728888,0.28505608,82604
399,0.14974362,25.273773,0.3341477,0.3377355,0.17705144,25424
400,0.55196285,22.751373,0.205083,0.27379757,0.6702842,118671
401,0.8926292,8.369392,0.23620242,0.24258825,0.25611493,84745
402,0.3703981,16.534481,0.25760466,0.26832104,0.32386884,63618
403,0.5058872,15.117291,0.2760435,0.2921941,0.34754685,33526
404,0.22564398,26.173058,0.39538223,0.39713076,0.16294678,70761
405,0.025165962,25.53785,0.20723885,0.26105285,0.8069689,71767
406,0.060419187,25.594225,0.23516266,0.24057095,0.25462127,80302
407,0.7942341,20.027014,0.24218825,0.26746652,0.41629732,2546
408,0.87701637,11.215318,0.20359962,0.21175574,0.32320172,93339
409,0.660475,22.539038,0.78928775,0.7919403,0.14180689,85142
410,0.093164235,32.212555,0.3261667,0.32947475,0.1435537,29771
411,0.6870739,17.462496,0.35679868,0.36313614,0.23593065,96187
412,0.93979496,14.546271,0.4555793,0.46029684,0.21690576,15985
413,0.96610206,10.955995,0.29586053,0.3035099,0.32777035,70015
414,0.4475488,21.256071,0.2223608,0.23887521,0.3126221,15545
415,0.9736429,2.072812,0.4496887,0.47154343,0.30519414,118759
416,0.25168735,17.494328,0.22433883,0.24548428,0.4572499,53776
417,0.3014636,19.404078,0.28241053,0.29699707,0.32189697,105268
418,0.85204136,15.314283,0.20758916,0.2106899,0.21691096,399
419,0.74112934,20.859688,0.24638127,0.2663435,0.494652,10504
420,0.48315126,26.02192,0.23358752,0.23651955,0.22982325,2064
421,0.36313397,26.42509,0.4244968,0.51612735,0.54545176,101804
422,0.97241265,10.355257,0.38947734,0.3976851,0.29418844,78183
423,0.59867984,23.300983,0.2653468,0.30563372,0.45186168,1379
424,0.33428624,25.671724,0.2252977,0.23285809,0.29209477,104686
425,0.9640703,8.061404,0.3266203,0.33938453,0.32232115,74551
426,0.855834,18.255991,0.33403835,0.33785176,0.2351786,71017
427,0.31972533,25.776886,0.22954065,0.23410827,0.20473331,137398
428,0.60189754,18.60164,0.48617184,0.4875026,0.11828915,102077
429,0.93709314,14.612816,0.25041947,0.2710377,0.38893855,135278
430,0.68625176,21.581131,0.30810326,0.42385277,0.87158567,47049
431,0.4168812,25.275162,0.21883665,0.22762202,0.2679944,117119
432,0.9435291,11.115973,0.20686091,0.22173175,0.47151893,84365
433,0.90928966,14.92835,0.3106316,0.3218303,0.35969543,13915
434,0.71406585,21.631275,0.4288585,0.4460244,0.38872296,95322
435,0.07876922,27.292582,0.30663913,0.3197184,0.26566666,113633
436,0.5586218,23.580378,0.2578641,0.27516028,0.35782245,102066
437,0.7690482,18.016954,0.2792818,0.32162344,0.51135635,106077
438,0.62897617,19.251526,0.35030138,0.35636353,0.26995966,46341
439,0.89046806,17.426674,0.2705322,0.28827265,0.37918258,16037
440,0.969594,9.881126,0.25358987,0.2587054,0.25548974,39875
441,0.6708246,23.49503,0.6468565,0.6485633,0.17294164,69920
442,0.8016627,19.986227,0.4438819,0.4502332,0.32970843,111315
443,0.791598,13.676237,0.25744924,0.26838863,0.26368243,16068
444,0.9706099,10.290705,0.2600145,0.27200693,0.41036358,104964
445,0.48900244,21.435978,0.25333387,0.2627498,0.35750073,57652
446,0.35469022,23.876146,0.26085445,0.2810055,0.44404155,52960
447,0.86890393,5.2734604,0.48190168,0.49637008,0.25977257,22311
448,0.66965634,21.440884,0.31923956,0.32258534,0.22870527,105304
449,0.85199964,10.282875,0.33762363,0.34471473,0.24079955,35061
450,0.57321054,15.980522,0.30753973,0.33023635,0.41290957,16182
451,0.015325507,16.445606,0.23911263,0.24526525,0.23326856,1662
452,0.61277336,20.114727,0.22514631,0.23401982,0.37312427,90083
453,0.10011466,30.22186,0.39037156,0.39583242,0.17524615,70281
454,0.6619706,20.114,0.251009,0.25614774,0.26009503,33665
455,0.8647998,8.874828,0.32233503,0.32824504,0.2880843,102212
456,0.36501986,19.7475,0.26429716,0.2701042,0.25007695,40612
457,0.97857314,8.012368,0.22568129,0.24334335,0.5032514,103700
458,0.04867287,32.28031,0.80906403,0.81249875,0.17129473,48622
459,0.82274085,16.94025,0.23337804,0.24175075,0.34210002,130470
460,0.31947726,22.775103,0.21885704,0.2390014,0.54421633,58811
461,0.7337999,20.56803,0.2604,0.2886654,0.5359168,83443
462,0.65869087,22.659275,0.28444415,0.29000148,0.24691032,121868
463,0.86973745,19.233873,0.23482433,0.24548665,0.39032185,83272
464,0.9426444,10.715453,0.24870545,0.25611576,0.28264108,118179
465,0.949273,8.3491955,0.2618289,0.30587384,0.5935135,24382
466,0.19839948,29.703096,0.37819213,0.38099542,0.22007759,6267
467,0.84843093,12.07403,0.38128123,0.38418144,0.19278978,121344
468,0.31194627,20.057972,0.46503207,0.4673155,0.14357163,128366
469,0.5140788,25.174053,0.25718194,0.26548454,0.29700541,98349
470,0.1910429,30.054562,0.48884574,0.49314195,0.2738882,3557
471,0.8353903,11.830295,0.34254083,0.3448896,0.17432255,78673
472,0.25232223,20.028503,0.24326368,0.25040963,0.25297165,67036
473,0.59844345,18.507324,0.3182068,0.39481357,0.6019837,90314
474,0.9155832,15.432462,0.2557515,0.26055193,0.2894064,940
475,0.1662858,21.128765,0.294074,0.3030115,0.28033528,60928
476,0.33617508,21.141315,0.23916873,0.25264388,0.43631202,113164
477,0.49052718,20.457476,0.37951455,0.3818304,0.16833334,84492
478,0.45570648,20.047976,0.3654662,0.36740986,0.18089235,12666
479,0.98829424,2.354413,0.3601907,0.47650057,0.633335,105631
480,0.1844303,26.261986,0.19996451,0.2109612,0.34405375,6080
481,0.9841253,10.221961,0.1778399,0.20346832,0.5767278,112172
482,0.1520367,24.452404,0.20982838,0.23539537,0.53203994,138859
483,0.4767871,16.993988,0.4260383,0.4275707,0.15325525,74622
484,0.60125834,16.958212,0.4294457,0.4326774,0.2092386,139914
485,0.5442518,23.89097,0.2776508,0.29399607,0.35163072,83547
486,0.91872776,17.807226,0.28880164,0.29349345,0.3012433,131164
487,0.028795075,22.918543,0.21407782,0.21675098,0.19131288,9691
488,0.5932763,24.09589,0.72097486,0.72391874,0.20189045,28543
489,0.8260569,14.227068,0.24131638,0.25510925,0.5063876,125136
490,0.7878926,13.793733,0.25734174,0.26478523,0.30030662,131652
491,0.6463978,18.433767,0.22445075,0.23514926,0.33046016,108996
492,0.20532067,23.252842,0.29176506,0.30648866,0.26212054,29005
493,0.97677594,8.158229,0.21904571,0.23619747,0.42445773,101393
494,0.9644431,7.3163295,0.28776467,0.29492864,0.30807558,122704
495,0.8992788,10.887625,0.27677312,0.28129256,0.2487881,125106
496,0.46906823,21.150536,0.27265495,0.40545577,1.0028958,75960
497,0.900502,16.006483,0.24003118,0.24343659,0.21117835,36206
498,0.48291755,24.859468,0.2694692,0.3057245,0.40265882,44081
499,0.5534485,19.648323,0.26681364,0.27396747,0.2470171,66888
500,0.36743867,25.060791,0.3160509,0.31791618,0.16680965,90965
501,0.11254361,29.078642,0.26134795,0.28369623,0.4011888,61270
502,0.7996153,12.152144,0.37087217,0.37332782,0.17462762,77429
503,0.83551836,7.239979,0.24240625,0.26068288,0.3919754,124891
504,0.36025137,25.309942,0.23134136,0.23905241,0.3311226,21114
505,0.3092958,27.611074,0.3988728,0.4002728,0.13831599,12097
506,0.57669336,12.65129,0.32000378,0.3225815,0.16992757,89472
507,0.518526,19.97889,0.6216082,0.6240617,0.16482972,77221
508,0.72394794,20.154459,0.20893359,0.21862468,0.4458563,95413
509,0.9564389,9.109828,0.27242395,0.30015045,0.43811324,100996
510,0.6937274,22.9943,0.3045525,0.31103653,0.26827884,17485
511,0.8913892,12.079499,0.37830257,0.383051,0.26912144,3401
512,0.56460273,22.896826,0.51076835,0.5120907,0.147964,60254
513,0.96642226,6.505414,0.3261024,0.35012406,0.34620205,136754
514,0.04299533,28.241432,0.43329823,0.43676203,0.18029302,53545
515,0.71697736,22.600525,0.34604067,0.4576096,0.6331878,113601
516,0.6291179,23.407984,0.270446,0.28097823,0.38807705,53116
517,0.127303,26.036758,0.21456872,0.2284461,0.3563548,119683
518,0.20740697,25.58758,0.291301,0.29386115,0.15171261,25525
519,0.99078375,8.451201,0.22205076,0.24228019,0.4494483,74800
520,0.6274624,23.354504,0.24172638,0.25170487,0.2714628,113879
521,0.20115994,29.14764,0.46051162,0.46329418,0.20273778,69146
522,0.75980604,14.048605,0.25357798,0.25748354,0.23213936,88632
523,0.8724896,20.812439,0.36634177,0.36842424,0.19080688,37447
524,0.2899978,28.369846,0.58686805,0.5926722,0.26539946,43816
525,0.097351626,24.46244,0.28402218,0.30884877,0.5081417,100272
526,0.22519776,25.94654,0.20812334,0.235612,0.4375678,76662
527,0.99415547,4.384458,0.25930282,0.3013697,0.58215326,34621
528,0.99255604,1.8965497,0.511681,0.76698846,0.7937462,64552
529,0.45041785,26.10022,0.33895403,0.34417996,0.21740223,4130
530,0.82990533,18.61961,0.2094308,0.24673145,0.59679496,100772
531,0.6015729,21.649431,0.3594494,0.3744892,0.317012,37382
532,0.8989567,8.576449,0.25781804,0.27081344,0.41956142,135707
533,0.97416437,6.6567287,0.33006704,0.33978084,0.37641975,14776
534,0.2479822,28.440626,0.21846165,0.22998716,0.33792156,52567
535,0.97036743,12.073354,0.18807729,0.22315034,0.7935803,51687
536,0.4918897,25.352304,0.38324153,0.39241588,0.3144274,37153
537,0.23385225,29.57408,0.7288262,0.729597,0.1049654,1655
538,0.36633575,23.410688,0.60417295,0.6083877,0.20875104,107023
539,0.92047703,8.371471,0.23864922,0.2550316,0.4254453,83835
540,0.84024227,14.098247,0.412862,0.4345449,0.42084295,110879
541,0.5088033,21.498247,0.27294868,0.28468412,0.369901,129267
542,0.034575075,29.888807,0.70585346,0.7071043,0.11547966,80496
543,0.8334814,13.234088,0.280433,0.28704214,0.25779453,20174
544,0.939248,4.6200237,0.27246633,0.27961096,0.26598975,31774
545,0.40796944,21.9051,0.22408827,0.29959115,0.75054085,2806
546,0.20663439,26.539753,0.9282647,0.92886984,0.075227804,79908
547,0.815775,15.545132,0.28129026,0.3031637,0.41173542,29620
548,0.7266238,20.732729,0.22863391,0.23594843,0.4044834,50703
549,0.8360564,17.863283,0.36408868,0.37812954,0.40307897,108487
550,0.24724793,26.48304,0.33372656,0.36532095,0.48030734,137915
551,0.98803884,6.116672,0.22070016,0.23958364,0.44861326,58438
552,0.7788192,18.200243,0.29903224,0.31870311,0.43272537,21143
553,0.930598,14.218661,0.18666604,0.2013833,0.5146873,49832
554,0.4122784,19.964928,0.22994068,0.25961086,0.41013217,9621
555,0.36652547,25.000937,0.33578712,0.34686038,0.26807517,90382
556,0.5745502,22.54313,0.4191703,0.42043617,0.15435867,104374
557,0.48853737,18.768845,0.23619995,0.25528818,0.31242603,102897
558,0.1699406,28.404053,0.545037,0.5469396,0.13961226,54633
559,0.6315362,20.097155,0.38572633,0.3903929,0.23717067,70060
560,0.92987037,15.045594,0.37743837,0.38207573,0.24619722,102016
561,0.7942748,17.296724,0.28271684,0.29130936,0.33616364,49983
562,0.8300228,18.867785,0.30040523,0.30494532,0.28056476,46417
563,0.53584135,23.69682,0.28008547,0.28281537,0.20950103,103676
564,0.82662374,17.281738,0.2485447,0.26954558,0.40305954,104307
565,0.556569,21.1384,0.24153994,0.24434067,0.19871552,91888
566,0.99202263,5.4880505,0.25867078,0.2673578,0.37014934,129660
567,0.36798972,24.716265,0.26536438,0.2838323,0.36910075,68192
568,0.15887499,26.643608,0.33000398,0.33297437,0.21469231,12639
569,0.24419552,24.24337,0.2576526,0.27031475,0.35851282,100153
570,0.91865546,12.471125,0.35718575,0.36350662,0.2668871,70656
571,0.43275505,23.107105,0.25684872,0.26370314,0.27922386,123777
572,0.7686641,21.870243,0.43748,0.44281736,0.27633426,79970
573,0.44586882,22.929441,0.31668133,0.33990926,0.3637202,83530
574,0.99352896,5.4803944,0.19955805,0.24271014,0.7340186,50999
575,0.62766373,21.978476,0.20862669,0.22099835,0.48816904,125945
576,0.17537346,23.672255,0.27379435,0.31168753,0.5252819,27314
577,0.8555595,12.950553,0.2405056,0.25330868,0.34123018,69269
578,0.25485057,27.649908,0.45685756,0.46346062,0.21556951,108908
579,0.8427517,12.5081,0.26804525,0.2852381,0.436076,139818
580,0.63105476,24.87715,0.29275542,0.2964441,0.26472098,98508
581,0.78773725,19.940672,0.39074472,0.39235625,0.18346275,59867
582,0.9533724,9.861614,0.23027451,0.25247434,0.56449246,107960
583,0.26744822,29.145437,0.534603,0.5358465,0.11039409,113742
584,0.95122933,10.09479,0.29022178,0.29607192,0.26129594,40824
585,0.41190627,22.834793,0.32805955,0.33040127,0.16550323,134630
586,0.9363359,11.504751,0.27798116,0.29334202,0.35795787,78969
587,0.8009974,13.38691,0.33836082,0.3412181,0.18231064,68142
588,0.47696835,25.903982,0.5846743,0.59656215,0.34771103,111405
589,0.90631706,14.551181,0.25665516,0.28955525,0.47952405,2797
590,0.32539976,26.988537,0.77491575,0.77859867,0.21702033,83146
591,0.33455402,22.401274,0.2727487,0.27979276,0.3171873,91207
592,0.7346471,12.456335,0.31691405,0.32659796,0.26441398,9929
593,0.6582459,23.619196,0.2640903,0.2720891,0.2966313,87728
594,0.32047957,28.294926,0.63296336,0.63457644,0.1587935,12919
595,0.8896298,19.973223,0.3568901,0.36138672,0.2740659,130288
596,0.8334441,17.898413,0.39724222,0.40248412,0.28895807,37943
597,0.7024166,22.61972,0.5739068,0.5819679,0.261467,89595
598,0.2892659,20.376766,0.24822108,0.2643944,0.3343902,123810
599,0.8969147,14.729623,0.26725742,0.27222648,0.24398555,35838
600,0.68587065,16.724934,0.2235358,0.23076867,0.31767005,77590
601,0.1463244,24.497746,0.29790226,0.32059744,0.3295305,30470
602,0.9592805,12.925335,0.22379889,0.24815561,0.546064,27360
603,0.30424413,21.371769,0.3089149,0.31567028,0.22173005,115410
604,0.7971967,15.311357,0.30972338,0.31354976,0.20261912,128538
605,0.062754646,27.072792,0.45650977,0.48401707,0.3588983,50502
606,0.6605614,11.977976,0.25165686,0.25589105,0.20482118,100812
607,0.2617722,22.352373,0.28599292,0.28818053,0.19848569,121745
608,0.95601225,11.907859,0.19964951,0.2385509,0.57430327,90430
609,0.0067370525,29.635548,0.30677193,0.30984873,0.17768624,113420
610,0.41429013,21.78199,0.26912236,0.28383508,0.30641672,97861
611,0.75914407,19.163265,0.27024958,0.27579156,0.2775482,127102
612,0.94115186,14.36936,0.23768744,0.24619175,0.34416538,19167
613,0.428266,26.549637,0.7042726,0.7059732,0.1516048,55245
614,0.97351927,4.7573614,0.31469178,0.34727067,0.37109524,48338
615,0.7796087,8.582299,0.31954214,0.32732004,0.27324918,125492
616,0.4757294,25.9048,0.27964148,0.281631,0.149555,70463
617,0.062054276,31.767565,0.57117265,0.5760272,0.17619276,78246
618,0.05178229,30.338377,0.93121284,0.9315458,0.046954427,2696
619,0.3673673,23.782982,0.242593,0.3091599,0.71257186,111402
620,0.8497569,19.334507,0.19922595,0.22343221,0.47987142,11879
621,0.56735057,21.497921,0.4731077,0.47618183,0.20162503,84596
622,0.46995777,24.662842,0.3164217,0.3183237,0.16049322,68689
623,0.30118528,22.472153,0.26837012,0.27313685,0.24924564,46126
624,0.07225859,27.3179,0.3942051,0.42144302,0.39558935,107742
625,0.04066832,29.331545,0.56394607,0.56808996,0.18306577,25060
626,0.36496246,23.868633,0.27883738,0.28412932,0.27350235,39402
627,0.19365644,23.961311,0.20566729,0.21187723,0.28184748,61296
628,0.21893464,25.505432,0.2872557,0.3031009,0.3264603,75973
629,0.9739017,11.372887,0.22634445,0.2731191,0.83081764,53509
630,0.6010825,22.482584,0.23166527,0.24494222,0.34047782,39250
631,0.7535858,20.614689,0.19494088,0.20822044,0.40048322,25624
632,0.86698025,19.450756,0.41552997,0.41746053,0.16887243,103645
633,0.8654767,16.102531,0.26276374,0.28100514,0.43802258,128371
634,0.9855545,4.388352,0.26869288,0.29079586,0.4193577,2650
635,0.12343894,17.995314,0.25462866,0.2616309,0.21330401,137164
636,0.86187357,10.900923,0.25419953,0.26405042,0.31313014,31437
637,0.96857846,9.450259,0.24510393,0.28640524,0.52477336,101233
638,0.5628802,20.709646,0.21782602,0.22205868,0.30619943,3963
639,0.15930204,22.646526,0.23189345,0.24530265,0.2915048,53892
640,0.14187954,30.089148,0.3123196,0.31520227,0.21212779,117653
641,0.93264836,16.124361,0.2681512,0.2715137,0.23229906,131891
642,0.64984494,21.96659,0.22937779,0.2668561,0.3946374,12908
643,0.86029714,16.484114,0.29549626,0.30289778,0.339715,53915
644,0.17102456,24.165997,0.5994839,0.6005712,0.124235734,73861
645,0.5905001,23.315342,0.7941955,0.8007459,0.26402217,44613
646,0.5628404,24.344662,0.3569491,0.36199102,0.24322933,988
647,0.94953763,11.079328,0.23485743,0.24263023,0.24975216,110286
648,0.182499,23.083523,0.21311751,0.21978803,0.26806578,45176
649,0.79918003,19.814804,0.3575659,0.36507872,0.27241305,24962
650,0.8602925,16.143923,0.19769433,0.2019675,0.26977336,98676
651,0.27085182,25.037786,0.29450196,0.32795072,0.48865393,34672
652,0.17427784,25.842402,0.21001062,0.22250748,0.3726597,114589
653,0.7473209,18.637589,0.2889062,0.2992221,0.37170115,58694
654,0.6587219,22.447256,0.29350454,0.30304283,0.35430518,32067
655,0.92100173,7.612123,0.27558297,0.28205022,0.27791792,1302
656,0.8053286,11.973825,0.36332873,0.36690575,0.19399132,911
657,0.78544974,19.110508,0.2503496,0.264695,0.40212587,18919
658,0.61314756,20.604382,0.54873514,0.55470836,0.27629018,90950
659,0.17349294,25.114897,0.7663895,0.7693599,0.16830127,45949
660,0.6613964,24.007174,0.53431284,0.5361736,0.1349038,19061
661,0.9350634,14.210244,0.29717025,0.30693743,0.35884506,30409
662,0.9727905,8.580047,0.18281254,0.19683442,0.42691994,16536
663,0.57834965,23.053211,0.25177988,0.26047269,0.3380977,29288
664,0.93306065,9.761845,0.30969554,0.31368032,0.23431548,57615
665,0.14738007,28.482708,0.91278386,0.9132182,0.07558972,69016
666,0.42430085,25.802114,0.40080956,0.40602532,0.30922204,10763
667,0.22231221,24.781895,0.58880574,0.5920002,0.19048919,40434
668,0.28896764,27.589819,0.43257973,0.4363762,0.22045971,123941
669,0.40734175,23.834337,0.39806083,0.44932052,0.5413495,123298
670,0.8074876,17.271378,0.27987647,0.28294185,0.25962916,30053
671,0.6053704,21.312756,0.5044568,0.5186435,0.33066615,58728
672,0.7761057,20.365795,0.19952007,0.21180972,0.37084657,66456
673,0.9705888,10.343152,0.29648733,0.3202598,0.45691204,41579
674,0.9485041,14.108398,0.2231568,0.2464392,0.49283993,64745
675,0.19525152,30.35674,0.55621165,0.55973035,0.25542262,137958
676,0.06893155,28.784948,0.2980198,0.29936898,0.17686048,48932
677,0.99077934,8.270407,0.19196244,0.20209584,0.36545885,49647
678,0.79923725,18.130651,0.35333124,0.3601387,0.24270606,15236
679,0.93396425,10.034842,0.2970408,0.30247214,0.30064937,65673
680,0.9609867,12.847464,0.48307595,0.4869006,0.22947106,57688
681,0.36801112,23.78781,0.26816574,0.2833294,0.43842283,137202
682,0.71494704,17.858223,0.23654655,0.25577214,0.37258565,61185
683,0.9915586,7.006035,0.1929311,0.22572498,0.639522,43300
684,0.57920337,23.377485,0.37148663,0.38123122,0.38092202,129982
685,0.8116477,13.875265,0.26519343,0.2828263,0.36613455,126889
686,0.09511676,22.461796,0.40238678,0.40461972,0.12943128,12773
687,0.3960004,25.777498,0.29386696,0.3013947,0.30281806,100606
688,0.4796985,24.73689,0.55573946,0.567465,0.28139156,69929
689,0.80910057,18.508072,0.20964913,0.21808238,0.38087255,137309
690,0.496637,24.24041,0.5056748,0.5106752,0.24811354,21863
691,0.76095283,18.804876,0.20807086,0.21804179,0.33175653,125720
692,0.64581686,15.556148,0.25686237,0.26566476,0.26571038,114621
693,0.9151379,12.926447,0.1997188,0.2055792,0.2844627,14305
694,0.37801126,26.988708,0.23655222,0.2396197,0.19094047,125196
695,0.91282207,16.717255,0.24728583,0.2502825,0.21766427,37242
696,0.27616337,23.65038,0.19031784,0.21620676,0.5380394,60535
697,0.59593415,15.550814,0.28072625,0.28918037,0.28936926,85628
698,0.96355516,12.096337,0.23516595,0.24711229,0.37640205,98426
699,0.98085135,5.747394,0.19508187,0.20745306,0.31964758,56792
700,0.4680798,24.749275,0.40795985,0.41045117,0.20566677,58449
701,0.71889484,22.051268,0.48240465,0.4856448,0.20729472,118897
702,0.22795749,25.877628,0.5139555,0.5145583,0.09249924,24381
703,0.90570945,9.296479,0.43487218,0.44293344,0.27423662,124366
704,0.18210131,29.992968,0.56518316,0.56629306,0.14215466,104545
705,0.8495493,16.616158,0.27957463,0.28391567,0.25588733,19482
706,0.9215299,5.713529,0.2643134,0.2739288,0.2955867,69482
707,0.27573404,23.011116,0.6560122,0.6591758,0.16336855,109697
708,0.8622685,8.519239,0.28420258,0.2892603,0.20997639,13163
709,0.19886526,25.066118,0.19675383,0.21666636,0.5491437,21756
710,0.9755264,6.7030206,0.20579168,0.21268742,0.30410117,55855
711,0.03093618,27.015682,0.4052048,0.41503423,0.28771064,71436
712,0.25663862,24.073792,0.48857486,0.4938723,0.27663612,3488
713,0.37551528,23.664787,0.48969874,0.49680102,0.2632934,88527
714,0.44112176,20.933249,0.28293812,0.28689262,0.24546087,97067
715,0.0660849,29.342728,0.31974488,0.3270311,0.28220826,76062
716,0.6305837,24.962725,0.40436742,0.4105566,0.22126126,45199
717,0.9460164,5.712701,0.26232114,0.27754635,0.35810623,64676
718,0.122711554,27.602333,0.29656005,0.303002,0.22309849,129728
719,0.21347836,30.154163,0.6193803,0.6209859,0.15370548,67282
720,0.7837793,17.974567,0.39782348,0.39956695,0.16181608,139772
721,0.22988173,26.720173,0.22409628,0.23886372,0.36112475,128213
722,0.33215523,23.907267,0.23452787,0.23566322,0.14522482,97773
723,0.8791462,5.8812275,0.27350503,0.28128216,0.30898508,27442
724,0.9512979,7.557986,0.2735986,0.32613438,0.65719795,91024
725,0.36439523,23.138187,0.27518603,0.2855157,0.27424112,130877
726,0.5353737,25.961458,0.42238605,0.42528588,0.19260523,136110
727,0.329764,27.615551,0.3461752,0.37103602,0.3405027,112895
728,0.3461275,25.014786,0.4804868,0.48979822,0.28969485,122922
729,0.15579304,25.512444,0.21662425,0.21849175,0.20467652,107929
730,0.96207917,10.52854,0.19534951,0.24053334,0.7246744,113637
731,0.92533064,17.275572,0.51255894,0.5192822,0.263426,96930
732,0.63458794,20.49717,0.23320682,0.2853689,0.5536647,93972
733,0.28102356,26.616869,0.47735384,0.48087215,0.21912508,56965
734,0.8584845,17.545712,0.25552782,0.30308685,0.5390641,31551
735,0.94056726,12.368313,0.20894487,0.2385528,0.64497226,41957
736,0.6789212,20.249977,0.44709453,0.449261,0.16402584,89703
737,0.9492476,13.88194,0.19837923,0.2452453,0.6697798,62692
738,0.042134393,28.519365,0.41700473,0.4188601,0.16348727,133095
739,0.66399384,18.517868,0.27633017,0.28149956,0.23333858,38025
740,0.31443456,27.897131,0.35374594,0.3999178,0.47618893,120024
741,0.11566569,25.263535,0.27474204,0.28992954,0.41867027,117063
742,0.28424543,28.624516,0.5841926,0.5871004,0.1786869,9469
743,0.624487,23.049679,0.26250497,0.27551338,0.3556491,69116
744,0.9867491,6.256563,0.25242615,0.26772958,0.48691654,54054
745,0.96383125,3.6828706,0.2757874,0.282905,0.2231898,110875
746,0.63223654,14.575602,0.26232326,0.2658193,0.23566844,38872
747,0.32402557,25.24644,0.4600338,0.47161618,0.27236578,83664
748,0.92891383,11.326196,0.40738854,0.41093522,0.18929538,51150
749,0.62068605,22.319551,0.35467276,0.35942963,0.2729082,12280
750,0.51407087,18.037323,0.3022026,0.30379167,0.16269009,108089
751,0.8272738,17.09672,0.19333977,0.20690589,0.32910386,8144
752,0.9386853,12.858724,0.2613711,0.26773545,0.259314,83737
753,0.7206576,18.339954,0.2757548,0.28168714,0.2787962,2565
754,0.2297464,26.58047,0.27985048,0.28195795,0.1630385,1796
755,0.7052057,20.965828,0.3057663,0.30781746,0.15573308,54159
756,0.9179486,15.312695,0.26894796,0.27347046,0.24368086,83809
757,0.7188212,23.282179,0.26146644,0.27154002,0.28852347,36966
758,0.561989,23.860765,0.31856877,0.3219168,0.23131114,85630
759,0.34047797,23.237242,0.21820621,0.22101076,0.20919298,71935
760,0.9386763,8.173751,0.25781628,0.31843534,0.66513956,36591
761,0.18791723,28.928452,0.46270692,0.46781167,0.23167673,73724
762,0.9812449,5.1715565,0.23413822,0.24592929,0.36784026,32123
763,0.8288601,6.4539657,0.2535195,0.2769209,0.4444916,46898
764,0.030538395,27.569656,0.24240702,0.281182,0.43246186,22971
765,0.11710492,23.78434,0.2717382,0.29609716,0.3858561,112596
766,0.6824019,21.66604,0.4960711,0.5092071,0.32594162,102892
767,0.058273792,25.544632,0.2265509,0.22845492,0.15778206,129342
768,0.60164493,18.015358,0.29304653,0.29804865,0.22421816,97793
769,0.88633156,6.357116,0.24697702,0.26263988,0.41662005,39591
770,0.6133823,21.855005,0.34501153,0.3616968,0.31182456,117298
771,0.3678344,26.228338,0.20010921,0.20996815,0.38456494,117812
772,0.78991586,21.76208,0.41703415,0.42052573,0.2053714,103496
773,0.52076787,24.395554,0.34825858,0.3773273,0.46659917,119873
774,0.20612553,24.561184,0.34922385,0.3544411,0.27720395,34710
775,0.7558086,21.024445,0.19105119,0.20548974,0.40307555,87102
776,0.9797903,9.041464,0.25412706,0.27075157,0.44774666,39745
777,0.6189152,21.972467,0.44038516,0.45807207,0.39580497,112312
778,0.947948,3.591769,0.29131505,0.29871163,0.22402523,8528
779,0.15414824,22.994436,0.29066956,0.30404016,0.29651284,139865
780,0.6398945,22.05278,0.8401244,0.84324545,0.13910647,9519
781,0.8524211,20.508192,0.51523894,0.5205988,0.23249274,117984
782,0.55218023,24.239046,0.3381311,0.3438967,0.24177964,43991
783,0.109907046,27.197996,0.2489474,0.25129956,0.22078718,50769
784,0.98097515,3.5607574,0.30584252,0.33464316,0.4137086,131704
785,0.8632484,16.21423,0.2375223,0.2494248,0.3468818,13949
786,0.8162877,18.553108,0.26423275,0.27976727,0.36892626,25115
787,0.8281579,13.349785,0.23719877,0.24403088,0.28638783,9668
788,0.46817136,26.198893,0.7820694,0.7839202,0.1551131,118781
789,0.20286459,24.783894,0.25130647,0.25439805,0.22871582,138363
790,0.8458292,10.793976,0.2341862,0.26530603,0.4764667,51574
791,0.59946287,18.974316,0.33837765,0.3460698,0.216998,98863
792,0.9373911,16.300276,0.2874041,0.32877862,0.4868762,13655
793,0.8987009,18.045307,0.34844077,0.36515146,0.39374682,54571
794,0.2328298,30.245413,0.72353137,0.7243967,0.09887269,42628
795,0.16896933,29.494652,0.79489785,0.79545385,0.08396156,103339
796,0.9247539,13.45453,0.17261249,0.18057151,0.39268345,12017
797,0.8935061,11.393676,0.25939396,0.27400625,0.3454277,81184
798,0.8867507,14.301664,0.30862877,0.3150049,0.27876002,33584
799,0.5463082,22.130613,0.26028532,0.2919428,0.5216134,98409
800,0.7600074,21.52298,0.3435528,0.36944008,0.43983027,19140
801,0.7560368,21.14094,0.20551921,0.2449898,0.6957994,36901
802,0.043909617,26.439438,0.7142151,0.7172091,0.19399683,69549
803,0.7745928,18.071827,0.28031263,0.28804195,0.28805438,50737
804,0.34329212,23.436014,0.22104931,0.24408455,0.38102192,45792
805,0.84442824,13.998455,0.2684468,0.28938195,0.38597345,94805
806,0.9756968,4.10861,0.23732993,0.26804554,0.44013456,107666
807,0.12962247,23.602514,0.21902262,0.2332851,0.41558295,25569
808,0.3101753,23.487408,0.2575705,0.26371363,0.24062292,69523
809,0.87900984,9.316039,0.31491244,0.3329897,0.29915458,22608
810,0.064878836,31.469406,0.75907326,0.7605523,0.11988958,85613
811,0.8943548,13.768606,0.20110166,0.20826755,0.33838266,87981
812,0.26506937,22.355143,0.41623527,0.42139706,0.22063069,24963
813,0.72885317,22.412672,0.40898433,0.41206267,0.23607117,97900
814,0.9248006,11.521874,0.29261085,0.29581004,0.20646437,117651
815,0.96879435,6.4071527,0.54232293,0.56144506,0.40083265,105978
816,0.9064004,6.6817904,0.32303593,0.3412825,0.34834883,108480
817,0.7450477,18.427143,0.23142125,0.24416064,0.3697407,2985
818,0.2996049,27.161652,0.73299915,0.7363239,0.19998428,5034
819,0.5337102,21.072554,0.22283942,0.23162706,0.3489993,1950
820,0.84841263,13.781755,0.3362932,0.3413659,0.24940942,139307
821,0.919111,13.938296,0.19545211,0.2457786,0.6171891,117909
822,0.60842764,19.9278,0.4346861,0.4449064,0.31795454,82603
823,0.06856524,20.088528,0.28423795,0.3512373,0.6128073,18814
824,0.82145,13.168421,0.23924363,0.24505822,0.28763178,73442
825,0.72168005,23.357052,0.4865143,0.4933935,0.28989962,115953
826,0.8763121,17.15946,0.2852684,0.300304,0.3220501,86856
827,0.6343188,13.472824,0.3594784,0.37016496,0.27907407,48519
828,0.74386096,19.002542,0.38118413,0.3949169,0.32633984,51313
829,0.116037734,27.270483,0.28377485,0.31920922,0.36089602,108208
830,0.45608962,26.069906,0.31231514,0.32281986,0.29118606,12744
831,0.870743,11.789667,0.24569067,0.2562788,0.30571386,100377
832,0.2752073,20.45429,0.35408905,0.35837314,0.23320015,59088
833,0.74618495,20.360664,0.34408638,0.36722383,0.29013935,133311
834,0.85356927,7.755493,0.33613673,0.35637242,0.39742056,112773
835,0.95762324,8.153419,0.26627958,0.27977383,0.33879477,93535
836,0.75669754,21.335297,0.30074644,0.30775917,0.33883518,132823
837,0.023099452,24.851406,0.22580238,0.25124463,0.48452547,17221
838,0.24263473,29.519373,0.3755339,0.38105866,0.24563609,96556
839,0.2578966,29.48286,0.46107107,0.4671623,0.29477265,112066
840,0.85459596,12.818325,0.24743383,0.25743693,0.3455627,94153
841,0.9403198,11.392002,0.20249899,0.22068693,0.38673308,75512
842,0.42115393,24.108818,0.26678827,0.26968887,0.19147865,76472
843,0.08487059,26.376263,0.23114471,0.24115999,0.3760051,68485
844,0.9100607,10.393353,0.286794,0.30920726,0.3957936,105476
845,0.97957665,11.570315,0.23809479,0.24375604,0.32002947,9679
846,0.8340922,14.111992,0.24512175,0.25166106,0.23655048,67264
847,0.8719783,16.817831,0.40870753,0.41162083,0.17925122,763
848,0.9689312,6.4305224,0.21282059,0.24809673,0.4241049,98085
849,0.49768242,21.569908,0.3615298,0.36397612,0.18985586,24340
850,0.047785092,20.421333,0.2386911,0.24166697,0.18106031,25487
851,0.5376436,22.182491,0.31847245,0.32773072,0.32324842,38153
852,0.8715715,19.498686,0.2766986,0.27976802,0.20913611,84489
853,0.65079284,16.507944,0.32262996,0.32648203,0.21391085,103868
854,0.8876563,10.761479,0.28764525,0.34105346,0.48721147,115659
855,0.9745138,11.792207,0.1928191,0.23915985,0.859066,106438
856,0.8733641,16.79779,0.35745344,0.3625271,0.236621,80368
857,0.78526163,21.334183,0.25739732,0.29212683,0.4256872,109773
858,0.16059752,27.687346,0.26097617,0.26410007,0.20385943,91162
859,0.5559053,23.325321,0.23602277,0.24346922,0.26402178,72703
860,0.5321997,21.54472,0.2217561,0.24355926,0.5441949,65042
861,0.63611805,16.0313,0.33280832,0.33821538,0.24677224,26042
862,0.96783715,5.3407044,0.34122813,0.35134906,0.26815268,1760
863,0.745625,12.435984,0.27666467,0.28635707,0.37367424,53442
864,0.577371,23.826012,0.49060604,0.4929011,0.1822986,40212
865,0.89458567,10.572203,0.2187717,0.22154397,0.18599872,53188
866,0.09639364,21.741287,0.29655087,0.33723298,0.46968248,53352
867,0.5189391,21.543842,0.21915656,0.27205864,0.7483968,128051
868,0.6977721,17.757969,0.28206044,0.309761,0.33477402,92641
869,0.053153414,31.729973,0.7333999,0.733961,0.07738414,115293
870,0.23206744,19.466583,0.23896624,0.2526363,0.34351712,103587
871,0.90638757,16.068407,0.3106837,0.318732,0.33904532,2051
872,0.5073852,13.901996,0.2419418,0.24626032,0.23392703,24942
873,0.99382055,3.8106523,0.26952228,0.29201302,0.48818466,134292
874,0.85354733,19.06421,0.4626057,0.46555114,0.19158868,76273
875,0.650819,20.257727,0.4958973,0.50141823,0.24661198,73112
876,0.6937452,22.419998,0.2567039,0.26568314,0.27450764,26521
877,0.342903,26.628868,0.39753038,0.40638548,0.25310308,115365
878,0.27372476,24.000326,0.20137854,0.21115078,0.39044908,102324
879,0.061811052,29.63626,0.6677872,0.67281103,0.25139996,77374
880,0.6515215,21.068537,0.32093278,0.32567686,0.2018101,52668
881,0.8444077,8.516929,0.24276932,0.26099914,0.34991148,19298
882,0.9206972,12.252737,0.29845813,0.30658802,0.27705142,62663
883,0.42081887,26.239532,0.23760197,0.24084072,0.20013571,67472
884,0.017825283,26.125927,0.22655857,0.2361176,0.2730388,52898
885,0.9488196,4.9630165,0.24212018,0.24945453,0.25098795,84999
886,0.350924,24.36004,0.23318832,0.28073177,0.5937065,101521
887,0.19161612,26.645922,0.21861313,0.22262764,0.22896549,92906
888,0.7331022,15.036664,0.409893,0.41562188,0.29244965,61784
889,0.9641086,8.87326,0.24907732,0.26304534,0.33602992,54182
890,0.4862936,18.252342,0.33568993,0.33775452,0.17704211,93721
891,0.42245373,27.07853,0.3918988,0.39852232,0.27256495,136587
892,0.48899835,24.991411,0.80181074,0.8022883,0.0826577,44451
893,0.6609482,21.936636,0.19643714,0.2357703,0.6441909,102203
894,0.2633009,24.253426,0.19633445,0.23374833,0.6281728,50398
895,0.1413921,24.822742,0.21169795,0.23587182,0.5546853,89024
896,0.9502686,8.629272,0.2138359,0.22741826,0.41195667,130104
897,0.12520073,27.29738,0.3038398,0.334308,0.34787557,2777
898,0.26709038,26.192656,0.39399448,0.40058836,0.23450056,41400
899,0.319169,25.13501,0.3804939,0.38441417,0.27467406,124523
900,0.7316212,19.277857,0.6905189,0.6919804,0.1038763,52511
901,0.64228195,14.925413,0.2727037,0.2867194,0.40805823,100861
902,0.92528313,10.389412,0.26914302,0.2810756,0.33944628,60811
903,0.7650523,20.311796,0.44187534,0.45800036,0.43461862,133936
904,0.48038563,22.155483,0.19206777,0.21685629,0.5104086,10666
905,0.69967145,22.643763,0.5616817,0.5639726,0.14573354,44605
906,0.7914802,17.64273,0.2691887,0.30782408,0.6656633,126199
907,0.30423313,21.457003,0.19765507,0.22261463,0.5138273,63436
908,0.937046,13.042496,0.25015235,0.27515495,0.4343688,52149
909,0.9067012,14.220901,0.22612058,0.2293623,0.21165399,762
910,0.36828646,21.711596,0.30979657,0.31346068,0.17294703,39285
911,0.9524215,13.368615,0.23082398,0.25026196,0.38930023,59237
912,0.5643141,22.478079,0.26913533,0.28150517,0.42108068,118467
913,0.6933662,20.204279,0.2957316,0.29875898,0.20201619,133559
914,0.27560154,27.171581,0.28137264,0.292628,0.311852,69483
915,0.79990005,19.064789,0.24423046,0.263869,0.46965408,138145
916,0.9726848,8.115215,0.21439141,0.2296534,0.46081564,38619
917,0.98416114,6.6782737,0.23772535,0.25999463,0.5395078,72648
918,0.89234406,14.094269,0.23430258,0.2724958,0.5058347,43340
919,0.55046326,21.28202,0.25466776,0.3815084,0.77048755,51180
920,0.34522092,19.425344,0.2902765,0.3118679,0.37322077,57088
921,0.95348847,9.310511,0.26995516,0.27849934,0.33283037,79504
922,0.36817273,28.30994,0.54987913,0.5559186,0.22626477,40239
923,0.9584068,12.775544,0.22926243,0.2377723,0.34893048,29896
924,0.7681941,19.173077,0.34699196,0.3536294,0.34229916,138967
925,0.2922149,29.64516,0.5304479,0.53441167,0.2168727,117608
926,0.29377827,22.710182,0.6261268,0.627213,0.11448529,112163
927,0.6032759,17.84656,0.19881113,0.20207034,0.21257631,122448
928,0.9796422,5.790053,0.2850356,0.3373104,0.57048786,70155
929,0.42345348,21.559727,0.3755888,0.618945,0.8331574,40510
930,0.96003556,9.013746,0.2769589,0.2871578,0.3111648,138672
931,0.5821299,22.811275,0.2210041,0.22572014,0.24069737,111728
932,0.6481691,18.81404,0.2956493,0.30428904,0.30844465,81374
933,0.39827037,19.743946,0.25387603,0.30252802,0.56595707,22533
934,0.9595471,9.739053,0.3211356,0.32575026,0.22983202,78734
935,0.90963435,14.774024,0.39075086,0.39853978,0.22460996,95851
936,0.7122578,16.15376,0.32974997,0.3358979,0.30678007,114564
937,0.4935942,20.449076,0.27239332,0.27420944,0.17110798,20756
938,0.54899615,22.752865,0.25121728,0.26598427,0.38069707,31889
939,0.7475401,17.135298,0.23057887,0.23787525,0.29825774,60156
940,0.034491178,21.069416,0.3197381,0.34318835,0.31456754,100972
941,0.69275993,11.825057,0.31477907,0.32326886,0.23546235,4612
942,0.17161937,27.450245,0.30578044,0.30876613,0.16015938,33462
943,0.97834504,11.321638,0.3334958,0.34195074,0.30408514,33123
944,0.38895562,22.45186,0.33418542,0.3394896,0.24024624,63373
945,0.9815074,6.5414824,0.22938833,0.2766466,0.6662839,67724
946,0.25230572,22.778788,0.28079793,0.30474338,0.4330975,70399
947,0.9804085,8.046389,0.27094376,0.35258675,0.7262613,70753
948,0.82101154,10.389992,0.39539912,0.40065783,0.19587244,30393
949,0.8047017,19.57317,0.40438575,0.40835792,0.2711665,21079
950,0.8506357,17.036924,0.24177907,0.26218128,0.4030643,83613
951,0.27722174,27.01156,0.75704265,0.7580726,0.1266458,14927
952,0.7258901,19.339994,0.18591307,0.19534288,0.36535096,66599
953,0.13044788,28.727377,0.28851244,0.28985053,0.14224637,35027
954,0.17678416,23.257652,0.25689152,0.26303113,0.26592356,110804
955,0.106921494,25.175964,0.23720576,0.25686738,0.43085557,20639
956,0.89216834,17.034542,0.3264587,0.33026856,0.22967462,116110
957,0.8737547,10.102742,0.36118668,0.38821444,0.33712333,112198
958,0.6247369,24.078648,0.48511598,0.48675308,0.1612137,3641
959,0.7837815,19.704144,0.4285409,0.4333179,0.24493283,97943
960,0.8562495,13.823387,0.25637937,0.279719,0.53630334,129166
961,0.8766431,15.198413,0.22010013,0.223847,0.2641178,63964
962,0.86947787,15.917178,0.21835071,0.22345679,0.2697422,55122
963,0.0506878,24.407324,0.20697156,0.21413006,0.32013997,91338
964,0.5530839,26.548082,0.42476973,0.42730507,0.19291241,125504
965,0.9210695,16.164253,0.30663526,0.3092137,0.20700629,7024
966,0.53785443,25.54105,0.5453327,0.54644996,0.1428948,37554
967,0.8292622,17.561625,0.20040555,0.21771908,0.5097958,36100
968,0.7613112,19.206514,0.27873358,0.29800326,0.44611934,13892
969,0.06924335,24.13663,0.22386958,0.26898915,0.65000165,121660
970,0.16355546,26.235617,0.29262534,0.29364786,0.11724969,34601
971,0.29423884,27.709335,0.30042893,0.3032192,0.17075296,63676
972,0.9782174,3.4259353,0.28566405,0.31918043,0.3905963,118505
973,0.89209133,18.385166,0.47311878,0.48095503,0.2848858,88392
974,0.178642,27.147287,0.93290675,0.93363845,0.088856325,23861
975,0.99204063,7.0438666,0.17539856,0.2104582,0.7355865,102119
976,0.7302237,18.54206,0.1977592,0.22062029,0.46663278,27429
977,0.39733192,27.27248,0.48501095,0.49722373,0.32870194,72920
978,0.7479091,19.241869,0.19327994,0.25706863,0.90497833,2819
979,0.36181617,17.521343,0.21418272,0.22137085,0.3264155,55034
980,0.726082,21.71793,0.22893505,0.23415019,0.2711679,49627
981,0.9601258,5.605202,0.3749286,0.37965736,0.2405342,35042
982,0.97581416,5.2510104,0.36895105,0.38628113,0.37772638,36919
983,0.29424864,25.666697,0.46813968,0.47378114,0.19244988,40370
984,0.2193006,26.643793,0.29975104,0.30524713,0.21111889,63773
985,0.7443527,23.100006,0.2890042,0.31640932,0.37108287,66000
986,0.6973837,18.714375,0.24919657,0.2569734,0.3447105,40013
987,0.9020502,18.782125,0.42976412,0.43459922,0.24769625,42403
988,0.54142725,21.67643,0.3271299,0.33034238,0.193406,102181
989,0.26212144,24.331442,0.27538976,0.2804465,0.27184635,39050
990,0.7193226,22.25183,0.4060398,0.40813142,0.16133983,78461
991,0.5414959,21.140804,0.23423591,0.25293297,0.4521782,74643
992,0.44150457,23.306345,0.22121704,0.2659345,0.8438313,49226
993,0.71020895,22.95563,0.41139838,0.4140401,0.22537066,85966
994,0.9869026,7.095591,0.20714635,0.23366755,0.49821338,71125
995,0.049119532,25.253155,0.21722645,0.25014082,0.48023608,60720
996,0.97611487,13.621482,0.4075573,0.4137913,0.3266382,30624
997,0.96010333,13.609767,0.31119263,0.31621498,0.29383358,118379
998,0.8620118,10.020809,0.37383422,0.40889284,0.6140294,80624
999,0.1059202,26.758583,0.29375872,0.36184826,0.5995507,122098
