context,dynamic_family,metric,n_targets,model_mae,random_mae,delta_model_minus_random,reduction_vs_random,model_better_vs_random,nn_mae,delta_model_minus_nn,model_better_vs_nn
c5,D008,eta,26,0.1204431503572054,0.31723363544512434,-0.19679048508791894,0.6203329757634106,0.7692307692307693,0.012812160539712125,0.10763098981749328,0.11538461538461539
c5,D008,tau_transfer,26,3.0150480219103226,8.096058256330865,-5.081010234420543,0.6275906217012892,0.6923076923076923,0.22586815567556506,2.7891798662347576,0.07692307692307693
c5,D008,ipr,26,0.039457110230162185,0.09671389000578816,-0.057256779775625974,0.5920223017831178,0.8076923076923077,0.00389910210462712,0.035558008125535064,0.11538461538461539
c5,D008,purity,26,0.041529291330381364,0.09266031936242654,-0.051131028032045174,0.5518114807273009,0.8461538461538461,0.004854966616571823,0.03667432471380954,0.07692307692307693
c5,D008,c_l1,26,0.026304701898527186,0.1612069940790579,-0.1349022921805307,0.8368265468331539,0.9615384615384616,0.00499030984811265,0.021314392050414535,0.19230769230769232
c5,D007,eta,31,0.11241039372248628,0.37895665058664946,-0.26654625686416317,0.7033687268755735,0.8064516129032258,0.010974371151297749,0.10143602257118853,0.06451612903225806
c5,D007,tau_transfer,31,2.4522742261432198,8.379710606825599,-5.927436380682379,0.7073557380196701,0.8064516129032258,0.22802967647655872,2.224244549666661,0.06451612903225806
c5,D007,ipr,31,0.05929519926215371,0.1271913283651012,-0.06789612910294748,0.5338109914856181,0.6774193548387096,0.0032489730401980004,0.05604622622195571,0.0967741935483871
c5,D007,purity,31,0.059787328328420715,0.12300669708483349,-0.06321936875641276,0.5139506242722097,0.7096774193548387,0.00406815528274532,0.0557191730456754,0.06451612903225806
c5,D007,c_l1,31,0.028797241685112624,0.13473199969886118,-0.10593475801374856,0.7862627902096221,0.8709677419354839,0.006793511214365142,0.022003730470747482,0.16129032258064516
c5,D004,eta,40,0.10832944729669461,0.3753906684981789,-0.26706122120148434,0.7114221093185749,0.8,0.00977550683030238,0.09855394046639222,0.075
c5,D004,tau_transfer,40,2.4613948670850667,7.747933179808851,-5.286538312723785,0.6823159402691452,0.775,0.2598585913724518,2.201536275712615,0.125
c5,D004,ipr,40,0.04643269377451837,0.13041536116251776,-0.0839826673879994,0.6439630012858988,0.75,0.0037415645978278573,0.04269112917669051,0.05
c5,D004,purity,40,0.04716174834678743,0.12439857069881954,-0.07723682235203211,0.6208819114090114,0.7,0.0037661236610631406,0.04339562468572429,0.0
c5,D004,c_l1,40,0.03846419667063332,0.16781488577835604,-0.12935068910772274,0.7707938929718341,0.9,0.005480890026628443,0.032983306644004874,0.2
c5,D006,eta,38,0.10183791417152692,0.3361894931769333,-0.23435157900540637,0.6970818058316576,0.8421052631578947,0.014095651577652331,0.08774226259387459,0.15789473684210525
c5,D006,tau_transfer,38,2.522701197992088,7.824854769993141,-5.302153572001052,0.6776040869581149,0.7894736842105263,0.32016011192996335,2.2025410860621246,0.13157894736842105
c5,D006,ipr,38,0.04071051951266693,0.09837186272424239,-0.05766134321157546,0.5861568706207453,0.7894736842105263,0.006024244239931561,0.03468627527273537,0.13157894736842105
c5,D006,purity,38,0.04651476631245061,0.09926019975173134,-0.052745433439280724,0.5313855258321774,0.7105263157894737,0.004789078678747424,0.04172568763370319,0.13157894736842105
c5,D006,c_l1,38,0.03824911242973194,0.18096451379147213,-0.14271540136174019,0.7886374978809,0.9473684210526315,0.006205625034343273,0.03204348739538867,0.10526315789473684
c5,D011,eta,22,0.14301926779944465,0.3947721151409466,-0.25175284734150194,0.6377168945978313,0.8636363636363636,0.013761307961140529,0.12925795983830413,0.09090909090909091
c5,D011,tau_transfer,22,3.6796714959673307,6.747803669962928,-3.0681321739955973,0.45468604660995615,0.6818181818181818,0.35658802985867627,3.3230834661086543,0.09090909090909091
c5,D011,ipr,22,0.036175311405494376,0.09719074335779485,-0.06101543195230047,0.6277905677465625,0.8181818181818182,0.004431412206334146,0.03174389919916023,0.13636363636363635
c5,D011,purity,22,0.03794420944608677,0.08883319187954941,-0.05088898243346264,0.5728600015010601,0.7727272727272727,0.004297414632068936,0.03364679481401783,0.13636363636363635
c5,D011,c_l1,22,0.030323588484362108,0.10489499469322654,-0.07457140620886443,0.7109148194053895,0.6363636363636364,0.006081381318548323,0.024242207165813785,0.18181818181818182
c5,D000,eta,59,0.10235894678707692,0.304765828756432,-0.20240688196935508,0.6641390302687711,0.7457627118644068,0.008856420122906777,0.09350252666417015,0.1694915254237288
c5,D000,tau_transfer,59,2.5039218182774907,7.308445840664326,-4.804524022386834,0.657393394865756,0.864406779661017,0.28158559648147824,2.2223362217960125,0.03389830508474576
c5,D000,ipr,59,0.03788271203956733,0.12138125959350023,-0.0834985475539329,0.687903123048528,0.8305084745762712,0.005181819322886007,0.03270089271668132,0.13559322033898305
c5,D000,purity,59,0.0411730382063127,0.11278695229972517,-0.07161391409341247,0.6349485701422484,0.7288135593220338,0.004757237556368239,0.03641580064994446,0.11864406779661017
c5,D000,c_l1,59,0.05187697109452627,0.17808322221887216,-0.1262062511243459,0.7086925402171398,0.7966101694915254,0.0054742963917007595,0.04640267470282551,0.05084745762711865
c5,D002,eta,54,0.0759113879120207,0.3625821997422243,-0.2866708118302036,0.7906367494984876,0.8518518518518519,0.014631946659294728,0.061279441252725976,0.2037037037037037
c5,D002,tau_transfer,54,2.145376493657896,7.1571829512886245,-5.011806457630728,0.7002484764942849,0.7777777777777778,0.25717152376844593,1.88820496988945,0.09259259259259259
c5,D002,ipr,54,0.04442603869476459,0.14672280965579265,-0.10229677096102807,0.6972110962229612,0.7592592592592593,0.004122275919222605,0.040303762775541985,0.05555555555555555
c5,D002,purity,54,0.0463093954605709,0.14353710219544896,-0.09722770673487807,0.6773698594143751,0.6851851851851852,0.0042883006209754465,0.04202109483959545,0.07407407407407407
c5,D002,c_l1,54,0.03425381402665351,0.1911730325855271,-0.15691921855887359,0.8208229813411103,0.8888888888888888,0.005523707382137454,0.02873010664451606,0.14814814814814814
c5,D001,eta,50,0.07315280120010041,0.37227739961661327,-0.29912459841651284,0.8034992151674095,0.8,0.011637233857043032,0.06151556734305738,0.2
c5,D001,tau_transfer,50,2.3366195968186267,8.104720395232064,-5.768100798413437,0.7116964580057272,0.84,0.27700545767395013,2.0596141391446765,0.04
c5,D001,ipr,50,0.0356109729768946,0.186420095208483,-0.15080912223158838,0.8089746014931005,0.86,0.0036804288967315258,0.03193054408016307,0.1
c5,D001,purity,50,0.03671664735525012,0.18247847584182675,-0.14576182848657662,0.7987891602784084,0.86,0.0039314577223876455,0.03278518963286248,0.08
c5,D001,c_l1,50,0.038695186899444275,0.14857235663785506,-0.10987716973841079,0.739553253545249,0.82,0.00635301685334853,0.03234217004609574,0.16
c5,D003,eta,47,0.08839179546666484,0.3584356894598643,-0.2700438939931995,0.7533956632503179,0.7872340425531915,0.010098912170718202,0.07829288329594664,0.14893617021276595
c5,D003,tau_transfer,47,2.327818314688683,8.262200481447248,-5.9343821667585654,0.7182568590636607,0.851063829787234,0.28064866536189936,2.0471696493267837,0.06382978723404255
c5,D003,ipr,47,0.03973683649534963,0.12230953262926443,-0.0825726961339148,0.6751125146083505,0.723404255319149,0.0035668557720005363,0.03616998072334909,0.10638297872340426
c5,D003,purity,47,0.042392839514616115,0.12192588823767789,-0.07953304872306177,0.6523064943190977,0.6808510638297872,0.003996352091332242,0.03839648742328387,0.10638297872340426
c5,D003,c_l1,47,0.0371158816051023,0.138815365269108,-0.10169948366400572,0.7326241116525587,0.8723404255319149,0.005679214185901345,0.03143666741920095,0.1702127659574468
c5,D005,eta,28,0.08706003408854535,0.3530554361414434,-0.26599540205289807,0.753409733496734,0.8571428571428571,0.009216316178731464,0.07784371790981388,0.03571428571428571
c5,D005,tau_transfer,28,1.9198611546436013,6.792204819964374,-4.872343665320773,0.7173434539252201,0.8571428571428571,0.3474550961162021,1.5724060585273991,0.10714285714285714
c5,D005,ipr,28,0.04359777896755127,0.1510183337509546,-0.10742055478340334,0.711308038668678,0.7857142857142857,0.004097990312271075,0.0394997886552802,0.07142857142857142
c5,D005,purity,28,0.05551001780980281,0.15300356482193453,-0.09749354701213173,0.637197879184022,0.75,0.005681331892212414,0.0498286859175904,0.07142857142857142
c5,D005,c_l1,28,0.05651808920058499,0.16043290934446186,-0.10391482014387687,0.6477151138658448,0.7857142857142857,0.006070452354862989,0.050447636845721996,0.10714285714285714
c5,D010,eta,19,0.05981607312216423,0.3718708393020039,-0.3120547661798396,0.8391482557910749,0.7894736842105263,0.011601451061305947,0.04821462206085828,0.10526315789473684
c5,D010,tau_transfer,19,1.560363751563308,7.365623148790545,-5.805259397227236,0.7881559075121127,0.8947368421052632,0.25844357430211135,1.3019201772611966,0.10526315789473684
c5,D010,ipr,19,0.05801571100200933,0.12994586566209487,-0.07193015466008554,0.5535393857556756,0.8421052631578947,0.004231396842482669,0.053784314159526656,0.10526315789473684
c5,D010,purity,19,0.059041725298074374,0.13007933730299784,-0.07103761200492346,0.5461098855343439,0.8421052631578947,0.003915819290685095,0.05512590600738928,0.0
c5,D010,c_l1,19,0.03321650866483055,0.16112236007785463,-0.12790585141302407,0.7938429610342086,0.8421052631578947,0.005099228921000784,0.028117279743829767,0.21052631578947367
c5,D009,eta,32,0.08151633322636613,0.28554540144752083,-0.20402906822115469,0.7145240903438339,0.8125,0.010810350087844572,0.07070598313852156,0.1875
c5,D009,tau_transfer,32,2.2263159598604223,6.814014175771295,-4.587698215910873,0.6732739465414422,0.75,0.1968830212856291,2.0294329385747933,0.0625
c5,D009,ipr,32,0.03840398077249147,0.11187290931542608,-0.0734689285429346,0.6567177790629248,0.8125,0.003950875633553218,0.034453105138938254,0.125
c5,D009,purity,32,0.04247008839893243,0.10486441303050113,-0.0623943246315687,0.5949999893044795,0.71875,0.0029553580500781083,0.039514730348854325,0.0625
c5,D009,c_l1,32,0.035711531370968594,0.16680518548743858,-0.13109365411647,0.785908745782619,0.9375,0.005221506534776047,0.030490024836192547,0.1875
c5,D012,eta,7,0.05571447781864648,0.33601114071915766,-0.2802966629005112,0.8341885995226171,1.0,0.013033993116187985,0.0426804847024585,0.0
c5,D012,tau_transfer,7,0.8374753779443681,8.34546942996688,-7.507994052022512,0.8996490988347324,1.0,0.32202802203369174,0.5154473559106764,0.14285714285714285
c5,D012,ipr,7,0.046759486738189006,0.21880687227657797,-0.17204738553838897,0.7862979062235134,0.8571428571428571,0.005462199036036843,0.041297287702152165,0.14285714285714285
c5,D012,purity,7,0.04769926217637165,0.20745586734543167,-0.15975660516906,0.7700751355614912,0.7142857142857143,0.007681235392793871,0.040018026783577784,0.0
c5,D012,c_l1,7,0.04531865252147503,0.22157207003694715,-0.17625341751547213,0.7954676665072536,1.0,0.0032204641514992855,0.042098188369975746,0.0
c12,D008,eta,26,0.10065381288832799,0.31723363544512434,-0.21657982255679636,0.6827139318089765,0.8076923076923077,0.04601230021122268,0.05464151267710531,0.34615384615384615
c12,D008,tau_transfer,26,3.023898378004345,8.096058256330865,-5.07215987832652,0.6264974531723817,0.8076923076923077,1.8779749469485945,1.1459234310557507,0.38461538461538464
c12,D008,ipr,26,0.03142672156574801,0.09671389000578816,-0.06528716844004015,0.6750547251913125,0.8076923076923077,0.02044590544011771,0.010980816125630299,0.4230769230769231
c12,D008,purity,26,0.032551840133168565,0.09266031936242654,-0.06010847922925797,0.6486970867664823,0.7692307692307693,0.024380912150457776,0.00817092798271079,0.4230769230769231
c12,D008,c_l1,26,0.02942983409232823,0.1612069940790579,-0.13177715998672968,0.8174407117975572,0.9615384615384616,0.03982771204310046,-0.010397877950772232,0.5
c12,D011,eta,22,0.11766640163892149,0.3947721151409466,-0.2771057135020251,0.7019384168081104,0.8636363636363636,0.056502493805395855,0.061163907833525634,0.3181818181818182
c12,D011,tau_transfer,22,2.96647893914475,6.747803669962928,-3.781324730818178,0.560378593652674,0.7727272727272727,1.4288521047071978,1.537626834437552,0.36363636363636365
c12,D011,ipr,22,0.052537093250900835,0.09719074335779485,-0.04465365010689401,0.459443446610008,0.8181818181818182,0.017676973862297697,0.03486011938860314,0.18181818181818182
c12,D011,purity,22,0.05503970055434386,0.08883319187954941,-0.03379349132520555,0.3804151422480324,0.6818181818181818,0.016755746837017704,0.03828395371732615,0.18181818181818182
c12,D011,c_l1,22,0.04189968736063926,0.10489499469322654,-0.06299530733258728,0.6005558941760938,0.6363636363636364,0.037908624667557754,0.0039910626930815055,0.5
c12,D007,eta,31,0.10633289177183808,0.37895665058664946,-0.2726237588148114,0.7194061864141246,0.8064516129032258,0.0436233188306045,0.06270957294123358,0.22580645161290322
c12,D007,tau_transfer,31,2.5831429347316863,8.379710606825599,-5.7965676720939125,0.6917384076930275,0.8387096774193549,1.6146231428200997,0.9685197919115867,0.41935483870967744
c12,D007,ipr,31,0.05235562268812492,0.1271913283651012,-0.07483570567697627,0.588371130633696,0.6774193548387096,0.023083276228680717,0.029272346459444206,0.3225806451612903
c12,D007,purity,31,0.05298076873599761,0.12300669708483349,-0.07002592834883588,0.569285494273059,0.7096774193548387,0.023508459718711558,0.02947230901728605,0.2903225806451613
c12,D007,c_l1,31,0.03516471055120055,0.13473199969886118,-0.09956728914766064,0.7390025336980299,0.8064516129032258,0.03918355847060413,-0.00401884791940358,0.6451612903225806
c12,D004,eta,40,0.0665285355236237,0.3753906684981789,-0.3088621329745552,0.8227752016591579,0.9,0.05709598715472809,0.009432548368895607,0.525
c12,D004,tau_transfer,40,1.8781022204234645,7.747933179808851,-5.869830959385387,0.757599584710177,0.85,1.5010911502600097,0.3770110701634548,0.425
c12,D004,ipr,40,0.05558022247435194,0.13041536116251776,-0.07483513868816583,0.5738215040090993,0.65,0.01966130130986208,0.03591892116448986,0.275
c12,D004,purity,40,0.05693332062919946,0.12439857069881954,-0.06746525006962009,0.5423313924800608,0.575,0.019542271659673642,0.03739104896952582,0.3
c12,D004,c_l1,40,0.03507748316800391,0.16781488577835604,-0.13273740261035213,0.7909751390330593,0.875,0.029769037906817387,0.005308445261186522,0.4
c12,D006,eta,38,0.12247154337445763,0.3361894931769333,-0.21371794980247566,0.6357068086300899,0.7368421052631579,0.05831000325764037,0.06416154011681727,0.2631578947368421
c12,D006,tau_transfer,38,2.9525306238763105,7.824854769993141,-4.87232414611683,0.6226727893789524,0.7631578947368421,1.7935350504078116,1.158995573468499,0.42105263157894735
c12,D006,ipr,38,0.05063109720639813,0.09837186272424239,-0.047740765517844265,0.48530915442428857,0.6578947368421053,0.02474563942756949,0.025885457778828638,0.3684210526315789
c12,D006,purity,38,0.053327876347113154,0.09926019975173134,-0.04593232340461818,0.4627466347992818,0.6578947368421053,0.026799035097794733,0.02652884124931842,0.39473684210526316
c12,D006,c_l1,38,0.04869484377410095,0.18096451379147213,-0.13226967001737117,0.7309149581104466,0.9210526315789473,0.03395828458256065,0.0147365591915403,0.5
c12,D000,eta,59,0.09866379378004701,0.304765828756432,-0.20610203497638496,0.6762635949619573,0.7966101694915254,0.04944659336891238,0.049217200411134636,0.3389830508474576
c12,D000,tau_transfer,59,2.3675637809742955,7.308445840664326,-4.94088205969003,0.6760509918810471,0.847457627118644,1.3743670332379878,0.9931967477363077,0.3389830508474576
c12,D000,ipr,59,0.03913237315292089,0.12138125959350023,-0.08224888644057934,0.6776077848922211,0.7796610169491526,0.017834915729073305,0.021297457423847584,0.3559322033898305
c12,D000,purity,59,0.0402462685723746,0.11278695229972517,-0.07254068372735056,0.6431655634649801,0.6779661016949152,0.019107814982235103,0.021138453590139498,0.3389830508474576
c12,D000,c_l1,59,0.04953966708509832,0.17808322221887216,-0.12854355513377383,0.7218173252491362,0.847457627118644,0.03187500002694757,0.01766466705815075,0.3898305084745763
c12,D002,eta,54,0.07919669601721958,0.3625821997422243,-0.2833855037250047,0.7815758852102392,0.9074074074074074,0.06063265249906563,0.018564043518153953,0.5
c12,D002,tau_transfer,54,2.3597719060076363,7.1571829512886245,-4.797411045280988,0.6702931974677595,0.7777777777777778,1.6490785742388685,0.7106933317687678,0.37037037037037035
c12,D002,ipr,54,0.04980438485947841,0.14672280965579265,-0.09691842479631424,0.6605545860502671,0.8518518518518519,0.02299304410213253,0.026811340757345883,0.37037037037037035
c12,D002,purity,54,0.05298852082888663,0.14353710219544896,-0.09054858136656233,0.6308374627994496,0.7592592592592593,0.024465314888018095,0.028523205940868535,0.2962962962962963
c12,D002,c_l1,54,0.041764696325585576,0.1911730325855271,-0.14940833625994152,0.7815345827769884,0.8888888888888888,0.04028988328140043,0.001474813044185147,0.5
c12,D001,eta,50,0.0795347244786515,0.37227739961661327,-0.29274267513796176,0.7863562908719153,0.86,0.05041343093595129,0.029121293542700204,0.4
c12,D001,tau_transfer,50,2.6048692925400316,8.104720395232064,-5.499851102692032,0.6785984999467158,0.84,1.7569635364291378,0.8479057561108938,0.36
c12,D001,ipr,50,0.04810939336762712,0.186420095208483,-0.13831070184085587,0.7419302178028395,0.92,0.018636408296068527,0.02947298507155859,0.3
c12,D001,purity,50,0.048117925945666974,0.18247847584182675,-0.13436054989615978,0.7363090319354935,0.88,0.020096331152283424,0.02802159479338355,0.32
c12,D001,c_l1,50,0.04084897034568393,0.14857235663785506,-0.10772338629217112,0.7250567247495896,0.82,0.03065434533353359,0.010194625012150342,0.48
c12,D003,eta,47,0.0937508225921409,0.3584356894598643,-0.2646848668677234,0.7384445094365006,0.7872340425531915,0.051608175598284386,0.04214264699385652,0.3617021276595745
c12,D003,tau_transfer,47,2.439529875745209,8.262200481447248,-5.822670605702039,0.7047360589684106,0.8297872340425532,1.7168385067689287,0.7226913689762804,0.3829787234042553
c12,D003,ipr,47,0.04932517143691383,0.12230953262926443,-0.0729843611923506,0.5967185028298274,0.7872340425531915,0.01669217145550987,0.03263299998140396,0.1702127659574468
c12,D003,purity,47,0.05179478618897288,0.12192588823767789,-0.07013110204870501,0.5751945141625213,0.7659574468085106,0.018003060032204928,0.033791726156767954,0.14893617021276595
c12,D003,c_l1,47,0.03865138181256695,0.138815365269108,-0.10016398345654107,0.7215626545545788,0.9148936170212766,0.029688568514538587,0.008962813298028362,0.5319148936170213
c12,D010,eta,19,0.0824271287486849,0.3718708393020039,-0.28944371055331897,0.7783447368355114,0.8421052631578947,0.05689723386892113,0.025529894879763766,0.42105263157894735
c12,D010,tau_transfer,19,2.8426702344585775,7.365623148790545,-4.522952914331967,0.6140624931475959,0.7894736842105263,1.2696487673871488,1.5730214670714286,0.2631578947368421
c12,D010,ipr,19,0.042314677708008654,0.12994586566209487,-0.08763118795408623,0.6743668796817148,0.8421052631578947,0.019258723790076364,0.02305595391793229,0.21052631578947367
c12,D010,purity,19,0.0413915969274292,0.13007933730299784,-0.08868774037556865,0.6817972955150097,0.9473684210526315,0.01983817904973074,0.021553417877698457,0.3157894736842105
c12,D010,c_l1,19,0.038482782110759416,0.16112236007785463,-0.12263957796709521,0.7611580286425518,0.8947368421052632,0.04549865792170469,-0.007015875810945274,0.5789473684210527
c12,D005,eta,28,0.08983868678038416,0.3530554361414434,-0.26321674936105927,0.7455394321009905,0.8214285714285714,0.0620501983262582,0.02778848845412596,0.6071428571428571
c12,D005,tau_transfer,28,2.237600764883219,6.792204819964374,-4.554604055081155,0.670563414356083,0.75,1.6682260494809833,0.5693747154022357,0.42857142857142855
c12,D005,ipr,28,0.03527262951797956,0.1510183337509546,-0.11574570423297505,0.7664347854867217,0.8214285714285714,0.022480138299594558,0.012792491218385004,0.39285714285714285
c12,D005,purity,28,0.04260527625433469,0.15300356482193453,-0.11039828856759984,0.7215406300897715,0.75,0.020251509079510777,0.022353767174823912,0.39285714285714285
c12,D005,c_l1,28,0.052029235272071116,0.16043290934446186,-0.10840367407239074,0.6756947468903632,0.75,0.0331338053775501,0.018895429894521018,0.42857142857142855
c12,D009,eta,32,0.11083539818009491,0.28554540144752083,-0.17471000326742592,0.6118466709033489,0.625,0.051879279749635895,0.05895611843045902,0.3125
c12,D009,tau_transfer,32,2.207348318132992,6.814014175771295,-4.606665857638303,0.6760575688290027,0.84375,1.5240831675514217,0.6832651505815703,0.4375
c12,D009,ipr,32,0.044885295268578894,0.11187290931542608,-0.0669876140468472,0.5987831590038958,0.75,0.01884547632503147,0.026039818943547424,0.25
c12,D009,purity,32,0.04824086301731759,0.10486441303050113,-0.056623550013183546,0.5399691694904531,0.65625,0.01853547907453413,0.029705383942783457,0.28125
c12,D009,c_l1,32,0.042910958872255336,0.16680518548743858,-0.12389422661518325,0.7427480521851835,0.875,0.0376889203214174,0.005222038550837936,0.53125
c12,D012,eta,7,0.10451279252540653,0.33601114071915766,-0.23149834819375115,0.6889603353575718,0.8571428571428571,0.047990182469787535,0.056522610055618996,0.42857142857142855
c12,D012,tau_transfer,7,2.441938430659438,8.34546942996688,-5.903530999307442,0.7073935203823365,1.0,0.9521731704886298,1.489765260170808,0.14285714285714285
c12,D012,ipr,7,0.06361296853141706,0.21880687227657797,-0.1551939037451609,0.7092734434272773,1.0,0.02334327068720676,0.04026969784421029,0.2857142857142857
c12,D012,purity,7,0.06479847994955815,0.20745586734543167,-0.14265738739587353,0.6876517363489982,0.8571428571428571,0.022525062471433318,0.042273417478124825,0.2857142857142857
c12,D012,c_l1,7,0.05009094132145907,0.22157207003694715,-0.1714811287154881,0.7739293525889503,1.0,0.04930072252419985,0.0007902187972592192,0.5714285714285714
c18,D008,eta,26,0.08153558770610593,0.31723363544512434,-0.23569804773901842,0.7429793735721,0.8461538461538461,0.019340735001283752,0.06219485270482218,0.38461538461538464
c18,D008,tau_transfer,26,2.2703337780825446,8.096058256330865,-5.82572447824832,0.7195754148252065,0.8461538461538461,0.6795610841357893,1.5907726939467552,0.15384615384615385
c18,D008,ipr,26,0.03907385975239806,0.09671389000578816,-0.057640030253390095,0.5959850260385602,0.8846153846153846,0.013865917536574093,0.02520794221582397,0.2692307692307692
c18,D008,purity,26,0.03855264525841366,0.09266031936242654,-0.054107674104012876,0.5839357610281815,0.8846153846153846,0.013214758178715286,0.025337887079698376,0.34615384615384615
c18,D008,c_l1,26,0.028139654946650498,0.1612069940790579,-0.1330673391324074,0.8254439572711686,0.9615384615384616,0.018231053034595282,0.009908601912055216,0.38461538461538464
c18,D007,eta,31,0.08434908225441351,0.37895665058664946,-0.29460756833223595,0.7774175961186176,0.8387096774193549,0.019408075852976107,0.0649410064014374,0.2903225806451613
c18,D007,tau_transfer,31,2.075514972337495,8.379710606825599,-6.304195634488104,0.7523166288526828,0.8709677419354839,0.6619787527689286,1.4135362195685666,0.12903225806451613
c18,D007,ipr,31,0.05024325753312241,0.1271913283651012,-0.07694807083197878,0.6049789071398033,0.7419354838709677,0.013382058520604985,0.03686119901251742,0.25806451612903225
c18,D007,purity,31,0.050959410124319156,0.12300669708483349,-0.07204728696051432,0.5857184093873018,0.7419354838709677,0.013219418829484705,0.03773999129483445,0.25806451612903225
c18,D007,c_l1,31,0.032155255139546486,0.13473199969886118,-0.1025767445593147,0.7613391383530524,0.8709677419354839,0.021400850502993632,0.010754404636552854,0.3225806451612903
c18,D011,eta,22,0.11175101787502864,0.3947721151409466,-0.28302109726591795,0.7169227167042185,0.8181818181818182,0.020812830382875045,0.0909381874921536,0.18181818181818182
c18,D011,tau_transfer,22,2.467840023907271,6.747803669962928,-4.279963646055657,0.6342750701398476,0.8181818181818182,0.7098956393710053,1.7579443845362657,0.13636363636363635
c18,D011,ipr,22,0.03819799943643004,0.09719074335779485,-0.058992743921364804,0.6069790381599494,0.8181818181818182,0.011865288056621492,0.026332711379808547,0.22727272727272727
c18,D011,purity,22,0.04072485444316635,0.08883319187954941,-0.04810833743638306,0.5415581318029645,0.6818181818181818,0.013388243616990127,0.027336610826176222,0.22727272727272727
c18,D011,c_l1,22,0.04604137605718623,0.10489499469322654,-0.05885361863604031,0.5610717537873207,0.5909090909090909,0.021957631835695563,0.024083744221490667,0.22727272727272727
c18,D004,eta,40,0.09320099995911806,0.3753906684981789,-0.28218966853906086,0.7517226511463745,0.75,0.020097822755675933,0.07310317720344212,0.15
c18,D004,tau_transfer,40,1.874767701030348,7.747933179808851,-5.873165478778503,0.7580299600523142,0.775,0.6653384930993653,1.2094292079309827,0.4
c18,D004,ipr,40,0.03691880296176934,0.13041536116251776,-0.09349655820074843,0.716913693044466,0.625,0.011259723658125827,0.02565907930364351,0.25
c18,D004,purity,40,0.038368820243053436,0.12439857069881954,-0.08602975045576611,0.6915654253299428,0.625,0.011748878749974198,0.02661994149307924,0.225
c18,D004,c_l1,40,0.03239228104603285,0.16781488577835604,-0.1354226047323232,0.806976115999534,0.85,0.02253435233172412,0.009857928714308732,0.475
c18,D006,eta,38,0.10827717913466854,0.3361894931769333,-0.22791231404226475,0.6779281288315477,0.7631578947368421,0.021810036942183298,0.08646714219248525,0.21052631578947367
c18,D006,tau_transfer,38,2.6053861308845763,7.824854769993141,-5.219468639108564,0.6670371262511163,0.7894736842105263,0.9025819507965087,1.7028041800880676,0.21052631578947367
c18,D006,ipr,38,0.04993754443978007,0.09837186272424239,-0.048434318284462326,0.49235947092141785,0.7631578947368421,0.014216094656178277,0.03572144978360179,0.21052631578947367
c18,D006,purity,38,0.059301209354308604,0.09926019975173134,-0.03995899039742273,0.4025681038056318,0.6052631578947368,0.014905726283404641,0.04439548307090396,0.15789473684210525
c18,D006,c_l1,38,0.05906513710310353,0.18096451379147213,-0.1218993766883686,0.6736092846845925,0.868421052631579,0.024671703706038578,0.03439343339706495,0.2894736842105263
c18,D000,eta,59,0.0977229977542705,0.304765828756432,-0.20704283100216148,0.6793505421752173,0.8135593220338984,0.017714353048089628,0.08000864470618087,0.13559322033898305
c18,D000,tau_transfer,59,2.607646843185089,7.308445840664326,-4.700798997479236,0.6432009075477998,0.7796610169491526,0.6393329766589146,1.9683138665261746,0.1694915254237288
c18,D000,ipr,59,0.038486174298147297,0.12138125959350023,-0.08289508529535293,0.6829314967810058,0.7627118644067796,0.012287609898930515,0.02619856439921678,0.2033898305084746
c18,D000,purity,59,0.04025598431114866,0.11278695229972517,-0.07253096798857651,0.6430794210648536,0.7288135593220338,0.014526188970232133,0.025729795340916524,0.3389830508474576
c18,D000,c_l1,59,0.045331277595814706,0.17808322221887216,-0.13275194462305745,0.7454489141032019,0.8135593220338984,0.029505137136882482,0.015826140458932225,0.4576271186440678
c18,D002,eta,54,0.06974429327535929,0.3625821997422243,-0.292837906466865,0.8076455674742345,0.9074074074074074,0.023463475864884686,0.0462808174104746,0.35185185185185186
c18,D002,tau_transfer,54,1.9495595031424942,7.1571829512886245,-5.20762344814613,0.7276079825804254,0.8888888888888888,0.7624490471720379,1.1871104559704562,0.24074074074074073
c18,D002,ipr,54,0.03844995497185811,0.14672280965579265,-0.10827285468393455,0.7379415302769858,0.7777777777777778,0.01631615488215971,0.0221338000896984,0.3148148148148148
c18,D002,purity,54,0.040858087258327465,0.14353710219544896,-0.1026790149371215,0.7153482504983792,0.7777777777777778,0.018399120166546094,0.02245896709178137,0.3148148148148148
c18,D002,c_l1,54,0.040420535299296914,0.1911730325855271,-0.1507524972862302,0.7885657053579795,0.8703703703703703,0.024905364350513128,0.015515170948783786,0.37037037037037035
c18,D001,eta,50,0.07929985262953984,0.37227739961661327,-0.29297754698707346,0.7869871963455044,0.88,0.016592986206645347,0.0627068664228945,0.14
c18,D001,tau_transfer,50,2.5292560272518263,8.104720395232064,-5.5754643679802385,0.6879280340454723,0.8,0.6285415544750975,1.9007144727767287,0.12
c18,D001,ipr,50,0.0420021324309367,0.186420095208483,-0.1444179627775463,0.7746909613796539,0.88,0.015290790345063728,0.026711342085872974,0.28
c18,D001,purity,50,0.04312109464097194,0.18247847584182675,-0.1393573812008548,0.7636921590777122,0.86,0.015736148123704476,0.027384946517267465,0.34
c18,D001,c_l1,50,0.043129466848993395,0.14857235663785506,-0.10544288978886167,0.7097073249358128,0.8,0.022436956144567217,0.020692510704426178,0.36
c18,D003,eta,47,0.059875877769366065,0.3584356894598643,-0.2985598116904983,0.8329522435123731,0.8723404255319149,0.019000871018890645,0.04087500675047542,0.19148936170212766
c18,D003,tau_transfer,47,1.9249786837664935,8.262200481447248,-6.337221797680755,0.7670138012156654,0.8936170212765957,0.7575219242503064,1.167456759516187,0.14893617021276595
c18,D003,ipr,47,0.04343885402848933,0.12230953262926443,-0.0788706786007751,0.6448449021536371,0.723404255319149,0.014122427785237037,0.029316426243252293,0.2553191489361702
c18,D003,purity,47,0.04594593986483982,0.12192588823767789,-0.07597994837283806,0.6231650182832831,0.723404255319149,0.01780194684531349,0.028143993019526335,0.3404255319148936
c18,D003,c_l1,47,0.034242199357876285,0.138815365269108,-0.10457316591123172,0.7533255825715386,0.9361702127659575,0.02003444874241074,0.014207750615465545,0.3617021276595745
c18,D005,eta,28,0.08064779178951682,0.3530554361414434,-0.2724076443519266,0.7715718736102192,0.8214285714285714,0.021202070057582227,0.059445721731934596,0.17857142857142858
c18,D005,tau_transfer,28,1.5433172606468786,6.792204819964374,-5.248887559317495,0.7727811069373827,0.8571428571428571,0.8154010260413035,0.7279162346055751,0.39285714285714285
c18,D005,ipr,28,0.04334566851435629,0.1510183337509546,-0.10767266523659833,0.7129774416274653,0.7142857142857143,0.015194833363953938,0.028150835150402353,0.21428571428571427
c18,D005,purity,28,0.054833007008690114,0.15300356482193453,-0.09817055781324441,0.6416226832851591,0.6785714285714286,0.017943698747356907,0.03688930826133321,0.21428571428571427
c18,D005,c_l1,28,0.05697048777344847,0.16043290934446186,-0.10346242157101339,0.6448952524377125,0.7857142857142857,0.021552323230255625,0.03541816454319285,0.35714285714285715
c18,D010,eta,19,0.058321981024263655,0.3718708393020039,-0.3135488582777402,0.8431660273934543,0.8421052631578947,0.016287215675933196,0.04203476534833046,0.3684210526315789
c18,D010,tau_transfer,19,2.329458496408369,7.365623148790545,-5.036164652382176,0.683739114892014,0.7368421052631579,0.6752624101207528,1.654196086287616,0.21052631578947367
c18,D010,ipr,19,0.062463029278366576,0.12994586566209487,-0.06748283638372829,0.519314993515896,0.7368421052631579,0.012291248011426378,0.0501717812669402,0.05263157894736842
c18,D010,purity,19,0.0646046533830552,0.13007933730299784,-0.06547468391994264,0.5033442303555901,0.8421052631578947,0.012710287470616751,0.05189436591243844,0.10526315789473684
c18,D010,c_l1,19,0.03748034692697874,0.16112236007785463,-0.12364201315087589,0.7673796057302775,0.7368421052631579,0.018207898722608418,0.019272448204370324,0.3684210526315789
c18,D009,eta,32,0.08521732924441236,0.28554540144752083,-0.20032807220310847,0.7015629430121497,0.8125,0.016817556041116604,0.06839977320329575,0.21875
c18,D009,tau_transfer,32,2.5362694709842923,6.814014175771295,-4.277744704787002,0.6277862937235222,0.8125,0.7947849421123502,1.741484528871942,0.21875
c18,D009,ipr,32,0.04702683519351156,0.11187290931542608,-0.06484607412191452,0.5796405449605389,0.8125,0.015104083247073836,0.03192275194643772,0.21875
c18,D009,purity,32,0.050201391596172235,0.10486441303050113,-0.0546630214343289,0.5212733267140824,0.71875,0.01682072308047529,0.033380668515696946,0.21875
c18,D009,c_l1,32,0.035765118083469265,0.16680518548743858,-0.1310400674039693,0.7855874925053659,0.9375,0.019117149124338574,0.01664796895913069,0.34375
c18,D012,eta,7,0.22957525778273,0.33601114071915766,-0.10643588293642767,0.31676295824187606,0.7142857142857143,0.011119558754975402,0.2184556990277546,0.0
c18,D012,tau_transfer,7,5.372697111755512,8.34546942996688,-2.9727723182113674,0.356213912609487,0.7142857142857143,0.5551164527849467,4.817580658970566,0.14285714285714285
c18,D012,ipr,7,0.0932182020889704,0.21880687227657797,-0.12558867018760755,0.5739704099826444,0.8571428571428571,0.016400389489849572,0.07681781259912082,0.2857142857142857
c18,D012,purity,7,0.09632550647990058,0.20745586734543167,-0.11113036086553109,0.5356819370188725,0.7142857142857143,0.016550268392895244,0.07977523808700535,0.14285714285714285
c18,D012,c_l1,7,0.07893115606869523,0.22157207003694715,-0.1426409139682519,0.6437675738844997,0.8571428571428571,0.02784308922899217,0.05108806683970306,0.42857142857142855
c25,D008,eta,26,0.08443515481127219,0.31723363544512434,-0.23279848063385217,0.7338392106726087,0.9230769230769231,0.031221914281222955,0.053213240530049236,0.3076923076923077
c25,D008,tau_transfer,26,2.5091719205020433,8.096058256330865,-5.586886335828822,0.6900748684040225,0.8461538461538461,1.2519151247740525,1.2572567957279908,0.3076923076923077
c25,D008,ipr,26,0.033113802406869744,0.09671389000578816,-0.06360008759891841,0.6576106864806293,0.8461538461538461,0.012409834864259811,0.020703967542609933,0.23076923076923078
c25,D008,purity,26,0.03223545917370123,0.09266031936242654,-0.06042486018872531,0.6521115036565198,0.8076923076923077,0.013039356891262305,0.019196102282438923,0.3076923076923077
c25,D008,c_l1,26,0.030584312842200548,0.1612069940790579,-0.13062268123685733,0.8102792436710182,0.8846153846153846,0.04349599940548599,-0.012911686563285445,0.5769230769230769
c25,D011,eta,22,0.10885887643577587,0.3947721151409466,-0.28591323870517077,0.724248820368405,1.0,0.04418116619589758,0.06467771023987828,0.2727272727272727
c25,D011,tau_transfer,22,2.697950594910905,6.747803669962928,-4.049853075052023,0.6001735191377127,0.8636363636363636,1.453287505262895,1.24466308964801,0.36363636363636365
c25,D011,ipr,22,0.04910284398839788,0.09719074335779485,-0.04808789936939697,0.4947785942161975,0.7272727272727273,0.02742039246367537,0.021682451524722507,0.36363636363636365
c25,D011,purity,22,0.050521874490424584,0.08883319187954941,-0.03831131738912483,0.4312725522805919,0.7272727272727273,0.029873941585150575,0.02064793290527401,0.4090909090909091
c25,D011,c_l1,22,0.05296229071826753,0.10489499469322654,-0.051932703974959006,0.4950922980342407,0.5909090909090909,0.040351724127235374,0.012610566591032157,0.45454545454545453
c25,D006,eta,38,0.11151021983020457,0.3361894931769333,-0.22467927334672874,0.668311407425461,0.7894736842105263,0.03973412883022681,0.07177609099997775,0.3684210526315789
c25,D006,tau_transfer,38,1.971210952681193,7.824854769993141,-5.853643817311948,0.7480833816570731,0.868421052631579,1.231032110006312,0.740178842674881,0.39473684210526316
c25,D006,ipr,38,0.04627746432936358,0.09837186272424239,-0.05209439839487881,0.5295660461458443,0.6842105263157895,0.02564697598694546,0.020630488342418124,0.39473684210526316
c25,D006,purity,38,0.053126707078174594,0.09926019975173134,-0.04613349267355674,0.4647733209176024,0.631578947368421,0.027887494004209378,0.025239213073965216,0.3157894736842105
c25,D006,c_l1,38,0.056964283893906974,0.18096451379147213,-0.12400022989756515,0.6852184845502489,0.868421052631579,0.031648347905834553,0.02531593598807242,0.5
c25,D007,eta,31,0.09929969457386184,0.37895665058664946,-0.2796569560127876,0.7379655577487835,0.7419354838709677,0.029341316458746335,0.0699583781151155,0.1935483870967742
c25,D007,tau_transfer,31,2.0002438002929366,8.379710606825599,-6.379466806532662,0.7612991791549866,0.8387096774193549,1.197076769516188,0.8031670307767487,0.3870967741935484
c25,D007,ipr,31,0.04047778964481676,0.1271913283651012,-0.08671353872028442,0.6817566876208279,0.8064516129032258,0.024195552354664907,0.016282237290151855,0.5161290322580645
c25,D007,purity,31,0.042176414017150846,0.12300669708483349,-0.08083028306768264,0.657120994086499,0.8064516129032258,0.025003726196210267,0.01717268782094058,0.4838709677419355
c25,D007,c_l1,31,0.03668915625386638,0.13473199969886118,-0.09804284344499481,0.727687881602959,0.8709677419354839,0.03404590572573994,0.002643250528126438,0.45161290322580644
c25,D004,eta,40,0.11775744656750073,0.3753906684981789,-0.25763322193067817,0.6863069424751245,0.775,0.0456131171716727,0.07214432939582803,0.325
c25,D004,tau_transfer,40,2.598238635177381,7.747933179808851,-5.14969454463147,0.6646539696614314,0.825,1.0348976981061555,1.5633409370712257,0.375
c25,D004,ipr,40,0.05308820367030387,0.13041536116251776,-0.07732715749221389,0.5929298266931322,0.725,0.022665227430551466,0.030422976239752403,0.25
c25,D004,purity,40,0.054007311199854115,0.12439857069881954,-0.07039125949896544,0.5658526388489558,0.675,0.022959780991680105,0.03104753020817401,0.275
c25,D004,c_l1,40,0.03540324862101057,0.16781488577835604,-0.13241163715734547,0.7890339199838927,0.875,0.036956305836038525,-0.0015530572150279573,0.5
c25,D000,eta,59,0.09445262922700352,0.304765828756432,-0.21031319952942845,0.6900813007402815,0.7966101694915254,0.033396605846516964,0.06105602338048656,0.3220338983050847
c25,D000,tau_transfer,59,2.706241796854854,7.308445840664326,-4.602204043809472,0.6297103575978801,0.7966101694915254,0.9741224944139384,1.7321193024409156,0.3050847457627119
c25,D000,ipr,59,0.03635489853655785,0.12138125959350023,-0.08502636105694238,0.7004900207963849,0.8135593220338984,0.025526520878483352,0.010828377658074498,0.5084745762711864
c25,D000,purity,59,0.038963968796264035,0.11278695229972517,-0.07382298350346114,0.6545347843718712,0.7288135593220338,0.02337384233938956,0.015590126456874475,0.4576271186440678
c25,D000,c_l1,59,0.039328014053281166,0.17808322221887216,-0.138755208165591,0.7791593527831313,0.847457627118644,0.043284101025885854,-0.003956086972604689,0.5423728813559322
c25,D002,eta,54,0.09508912217510206,0.3625821997422243,-0.2674930775671222,0.7377446486818572,0.8148148148148148,0.034254188299760825,0.06083493387534123,0.3148148148148148
c25,D002,tau_transfer,54,2.4569333371579964,7.1571829512886245,-4.7002496141306285,0.6567178240545557,0.7962962962962963,1.387879806157656,1.0690535310003404,0.37037037037037035
c25,D002,ipr,54,0.04329243438530422,0.14672280965579265,-0.10343037527048843,0.7049372589928793,0.7962962962962963,0.023415478360857736,0.01987695602444648,0.3333333333333333
c25,D002,purity,54,0.045686279643182406,0.14353710219544896,-0.09785082255226656,0.6817110075068037,0.7592592592592593,0.02564793708124862,0.020038342561933785,0.35185185185185186
c25,D002,c_l1,54,0.04348859155305968,0.1911730325855271,-0.14768444103246742,0.7725171224994627,0.8888888888888888,0.04427458108064754,-0.0007859895275878562,0.5555555555555556
c25,D001,eta,50,0.08656615550688443,0.37227739961661327,-0.2857112441097288,0.7674686790118501,0.84,0.028112794276840214,0.058453361230044215,0.2
c25,D001,tau_transfer,50,2.308279644434156,8.104720395232064,-5.796440750797908,0.7151931797928406,0.84,1.2502066096150513,1.0580730348191048,0.36
c25,D001,ipr,50,0.046159466921308984,0.186420095208483,-0.140260628287174,0.7523900689478432,0.82,0.024585914140342665,0.02157355278096632,0.38
c25,D001,purity,50,0.04658561011477956,0.18247847584182675,-0.13589286572704717,0.7447062734392839,0.8,0.0271937876182571,0.01939182249652246,0.4
c25,D001,c_l1,50,0.03786678125194565,0.14857235663785506,-0.11070557538590942,0.745129025958403,0.8,0.03579167388065425,0.0020751073712914,0.58
c25,D003,eta,47,0.08653549759511736,0.3584356894598643,-0.27190019186474695,0.758574550080323,0.851063829787234,0.03025790923450777,0.05627758836060959,0.19148936170212766
c25,D003,tau_transfer,47,2.1227264519317663,8.262200481447248,-6.1394740295154815,0.7430797695240701,0.8936170212765957,1.2939920022220694,0.8287344497096969,0.3829787234042553
c25,D003,ipr,47,0.050829991713065736,0.12230953262926443,-0.0714795409161987,0.5844151259482134,0.7659574468085106,0.026578414394148115,0.02425157731891762,0.3617021276595745
c25,D003,purity,47,0.05374292461374937,0.12192588823767789,-0.06818296362392852,0.5592164601746852,0.7446808510638298,0.027005430205877534,0.026737494407871834,0.2978723404255319
c25,D003,c_l1,47,0.040325884220693844,0.138815365269108,-0.09848948104841417,0.7094998515292747,0.8723404255319149,0.037452084528200626,0.002873799692493219,0.5106382978723404
c25,D005,eta,28,0.09160045912370564,0.3530554361414434,-0.2614549770177378,0.7405493592598074,0.7857142857142857,0.04190513016255624,0.0496953289611494,0.32142857142857145
c25,D005,tau_transfer,28,2.044839157874216,6.792204819964374,-4.747365662090157,0.6989432427208605,0.7857142857142857,1.4520164297954012,0.5928227280788148,0.4642857142857143
c25,D005,ipr,28,0.0530006527917676,0.1510183337509546,-0.098017680959187,0.6490449108041985,0.7857142857142857,0.016661294486361857,0.036339358305405745,0.14285714285714285
c25,D005,purity,28,0.06484768679080041,0.15300356482193453,-0.08815587803113412,0.5761687849151089,0.6785714285714286,0.017346214874311126,0.04750147191648929,0.14285714285714285
c25,D005,c_l1,28,0.06565194512955025,0.16043290934446186,-0.09478096421491161,0.590782555787289,0.8214285714285714,0.03353031717238421,0.03212162795716604,0.35714285714285715
c25,D010,eta,19,0.05766095711694532,0.3718708393020039,-0.3142098821850586,0.8449435905617819,0.8421052631578947,0.03167713284811216,0.02598382426883316,0.42105263157894735
c25,D010,tau_transfer,19,1.5405516967015815,7.365623148790545,-5.825071452088963,0.7908457077451018,0.8421052631578947,1.0996933092195207,0.44085838748206085,0.5263157894736842
c25,D010,ipr,19,0.0637536236495491,0.12994586566209487,-0.06619224201254577,0.5093832087330039,0.7894736842105263,0.020145652376580437,0.04360797127296867,0.21052631578947367
c25,D010,purity,19,0.06592579335756209,0.13007933730299784,-0.06415354394543575,0.4931878134957046,0.7368421052631579,0.020233465883252946,0.04569232747430914,0.3157894736842105
c25,D010,c_l1,19,0.03337742985445331,0.16112236007785463,-0.12774493022340133,0.7928442095912369,0.8421052631578947,0.04346883157062726,-0.010091401716173953,0.5789473684210527
c25,D009,eta,32,0.08560366617868917,0.28554540144752083,-0.19994173526883166,0.7002099640031433,0.8125,0.03834992868710185,0.047253737491587317,0.3125
c25,D009,tau_transfer,32,2.469845812158314,6.814014175771295,-4.344168363612981,0.6375343889156576,0.78125,1.5071256507629391,0.9627201613953746,0.40625
c25,D009,ipr,32,0.03682312128144572,0.11187290931542608,-0.07504978803398035,0.670848630765266,0.8125,0.021193830805019093,0.015629290476426628,0.21875
c25,D009,purity,32,0.0414157108107676,0.10486441303050113,-0.06344870221973353,0.6050546642670729,0.75,0.02368975905977602,0.01772595175099158,0.25
c25,D009,c_l1,32,0.04714142177996587,0.16680518548743858,-0.11966376370747271,0.7173863531747584,0.9375,0.03764098103745872,0.009500440742507152,0.5
c25,D012,eta,7,0.2250664299896003,0.33601114071915766,-0.11094471072955736,0.3301816436565309,0.7142857142857143,0.018283155362757215,0.2067832746268431,0.14285714285714285
c25,D012,tau_transfer,7,5.54987045997306,8.34546942996688,-2.7955989699938195,0.33498402857428167,0.7142857142857143,1.3580436528756283,4.191826807097431,0.14285714285714285
c25,D012,ipr,7,0.06363601720698708,0.21880687227657797,-0.15517085506959089,0.7091681054398082,0.8571428571428571,0.01791274912703373,0.045723268079953354,0.5714285714285714
c25,D012,purity,7,0.06406594103304745,0.20745586734543167,-0.14338992631238423,0.6911827953924667,0.8571428571428571,0.0197911654714366,0.04427477556161086,0.5714285714285714
c25,D012,c_l1,7,0.0379196512228423,0.22157207003694715,-0.18365241881410485,0.8288608703411076,1.0,0.056972200852545,-0.0190525496297027,0.7142857142857143
c26,D008,eta,26,0.08182732441062343,0.31723363544512434,-0.2354063110345009,0.7420597462945316,0.8076923076923077,0.04923814804487004,0.03258917636575339,0.5
c26,D008,tau_transfer,26,1.7390073750612804,8.096058256330865,-6.3570508812695845,0.7852032038305269,0.9230769230769231,1.2063756807504509,0.5326316943108296,0.38461538461538464
c26,D008,ipr,26,0.023901704700671527,0.09671389000578816,-0.07281218530511663,0.7528617171820816,0.8846153846153846,0.01483741068506822,0.009064294015603307,0.34615384615384615
c26,D008,purity,26,0.023943691340701227,0.09266031936242654,-0.06871662802172532,0.741597142061974,0.7692307692307693,0.019469052483843247,0.00447463885685798,0.38461538461538464
c26,D008,c_l1,26,0.05416619489239351,0.1612069940790579,-0.10704079918666438,0.6639959996659341,0.9230769230769231,0.05049301663824295,0.003673178254150554,0.5384615384615384
c26,D007,eta,31,0.06350651212364422,0.37895665058664946,-0.31545013846300524,0.8324174756523417,0.8387096774193549,0.045842491814051554,0.017664020309592667,0.45161290322580644
c26,D007,tau_transfer,31,2.0900188821510888,8.379710606825599,-6.28969172467451,0.7505857922529344,0.8709677419354839,0.9539096628552837,1.136109219295805,0.3548387096774194
c26,D007,ipr,31,0.03434432151382638,0.1271913283651012,-0.09284700685127481,0.7299790641761252,0.8709677419354839,0.013113403198985402,0.02123091831484098,0.25806451612903225
c26,D007,purity,31,0.03435713822256943,0.12300669708483349,-0.08864955886226406,0.7206888808755307,0.8064516129032258,0.013799521088824077,0.020557617133745355,0.2903225806451613
c26,D007,c_l1,31,0.03943236285745914,0.13473199969886118,-0.09529963684140205,0.7073274133420849,0.8709677419354839,0.02596499143320079,0.013467371424258346,0.3870967741935484
c26,D011,eta,22,0.08901917327953496,0.3947721151409466,-0.30575294186141166,0.7745049108958666,0.9545454545454546,0.041733395612984094,0.047285777666550864,0.22727272727272727
c26,D011,tau_transfer,22,2.5890829325194575,6.747803669962928,-4.1587207374434705,0.6163073113634793,0.8181818181818182,1.1877317653101138,1.4013511672093437,0.3181818181818182
c26,D011,ipr,22,0.041389401552313826,0.09719074335779485,-0.05580134180548102,0.5741425559433759,0.8636363636363636,0.016875622866122455,0.02451377868619137,0.36363636363636365
c26,D011,purity,22,0.04427488400424445,0.08883319187954941,-0.04455830787530496,0.5015952588501199,0.8181818181818182,0.020639426702402233,0.02363545730184222,0.36363636363636365
c26,D011,c_l1,22,0.04971739992997559,0.10489499469322654,-0.055177594763250945,0.5260269560489712,0.5454545454545454,0.03287616574651713,0.01684123418345846,0.4090909090909091
c26,D006,eta,38,0.09217802905986879,0.3361894931769333,-0.24401146411706454,0.7258152591599394,0.8421052631578947,0.05468354248096012,0.037494486578908665,0.34210526315789475
c26,D006,tau_transfer,38,2.1048861507527348,7.824854769993141,-5.719968619240406,0.7309999721880359,0.8947368421052632,1.250020512534212,0.8548656382185227,0.3684210526315789
c26,D006,ipr,38,0.024407027105460676,0.09837186272424239,-0.07396483561878171,0.7518901601581048,0.868421052631579,0.01929635219161581,0.005110674913844867,0.47368421052631576
c26,D006,purity,38,0.029681941782118037,0.09926019975173134,-0.0695782579696133,0.7009683452546114,0.7631578947368421,0.023216815540997315,0.006465126241120722,0.5
c26,D006,c_l1,38,0.062304279290566006,0.18096451379147213,-0.11866023450090613,0.655709962217454,0.8947368421052632,0.0355338782070069,0.026770401083559103,0.42105263157894735
c26,D004,eta,40,0.09030685051619518,0.3753906684981789,-0.28508381798198373,0.7594323511623644,0.8,0.04870402235418,0.04160282816201518,0.45
c26,D004,tau_transfer,40,2.545428534926331,7.747933179808851,-5.20250464488252,0.6714699938869209,0.725,1.0619804462983704,1.4834480886279606,0.35
c26,D004,ipr,40,0.033039708677202885,0.13041536116251776,-0.09737565248531488,0.7466578447301904,0.775,0.015774075906086874,0.01726563277111601,0.3
c26,D004,purity,40,0.033894554219726813,0.12439857069881954,-0.09050401647909273,0.7275326072532725,0.675,0.017462272205672213,0.0164322820140546,0.325
c26,D004,c_l1,40,0.046443981980535745,0.16781488577835604,-0.1213709037978203,0.7232427757220696,0.825,0.037776272726951554,0.008667709253584191,0.475
c26,D000,eta,59,0.0740294759417386,0.304765828756432,-0.2307363528146934,0.757093909629538,0.847457627118644,0.05087566193650656,0.02315381400523204,0.4406779661016949
c26,D000,tau_transfer,59,1.9590775100900186,7.308445840664326,-5.349368330574307,0.7319433498173202,0.847457627118644,1.1202677233613616,0.838809786728657,0.3559322033898305
c26,D000,ipr,59,0.020566774338821293,0.12138125959350023,-0.10081448525467893,0.8305605461032585,0.864406779661017,0.01642897443086716,0.004137799907954133,0.4576271186440678
c26,D000,purity,59,0.023171282465792736,0.11278695229972517,-0.08961566983393243,0.7945570653933771,0.8305084745762712,0.016478978427084533,0.006692304038708203,0.423728813559322
c26,D000,c_l1,59,0.05171358234850772,0.17808322221887216,-0.12636963987036443,0.7096100255590083,0.7966101694915254,0.03991995969704381,0.011793622651463907,0.423728813559322
c26,D002,eta,54,0.06118524876860053,0.3625821997422243,-0.30139695097362373,0.831251371931386,0.9259259259259259,0.05030122404747279,0.01088402472112774,0.5
c26,D002,tau_transfer,54,1.8706578639172686,7.1571829512886245,-5.286525087371356,0.7386321019528412,0.8703703703703703,1.3069893656167488,0.5636684983005198,0.4444444444444444
c26,D002,ipr,54,0.03323053301420599,0.14672280965579265,-0.11349227664158666,0.773514880936619,0.8703703703703703,0.0160342625730182,0.01719627044118779,0.46296296296296297
c26,D002,purity,54,0.0338052905618838,0.14353710219544896,-0.10973181163356516,0.7644839554037225,0.8703703703703703,0.016557724473774477,0.01724756608810932,0.42592592592592593
c26,D002,c_l1,54,0.044013238477044934,0.1911730325855271,-0.14715979410848215,0.7697727661596084,0.8703703703703703,0.03903064428795492,0.004982594189090014,0.42592592592592593
c26,D001,eta,50,0.07647560962347233,0.37227739961661327,-0.29580178999314094,0.7945735902791035,0.78,0.042413928754712726,0.0340616808687596,0.42
c26,D001,tau_transfer,50,1.736997421005222,8.104720395232064,-6.367722974226842,0.7856807716615267,0.8,1.0607274335777588,0.6762699874274631,0.36
c26,D001,ipr,50,0.029843825564777503,0.186420095208483,-0.1565762696437055,0.8399108983857043,0.96,0.013941120220378068,0.015902705344399436,0.4
c26,D001,purity,50,0.03204687572600271,0.18247847584182675,-0.15043160011582404,0.8243799682227667,0.9,0.015610190924904588,0.016436684801098125,0.5
c26,D001,c_l1,50,0.04705503641140809,0.14857235663785506,-0.10151732022644697,0.6832853871591693,0.74,0.042423937007812794,0.004631099403595296,0.5
c26,D003,eta,47,0.06139052231744842,0.3584356894598643,-0.2970451671424159,0.8287265355468387,0.9148936170212766,0.04891731730539893,0.012473205012049488,0.425531914893617
c26,D003,tau_transfer,47,1.4090019107018499,8.262200481447248,-6.853198570745398,0.8294640860064144,0.9787234042553191,1.4509707573565545,-0.04196884665470457,0.5531914893617021
c26,D003,ipr,47,0.028699814925681178,0.12230953262926443,-0.09360971770358326,0.7653509558190045,0.851063829787234,0.015439591063440969,0.01326022386224021,0.5106382978723404
c26,D003,purity,47,0.03128752101728073,0.12192588823767789,-0.09063836722039716,0.7433890253373427,0.8085106382978723,0.01729241065604022,0.013995110361240511,0.5106382978723404
c26,D003,c_l1,47,0.05312458429184898,0.138815365269108,-0.08569078097725903,0.6173004033893406,0.851063829787234,0.040426323877155584,0.012698260414693394,0.425531914893617
c26,D005,eta,28,0.07037513323066251,0.3530554361414434,-0.2826803029107809,0.8006683199675522,0.8214285714285714,0.053165579449826195,0.017209553780836315,0.35714285714285715
c26,D005,tau_transfer,28,1.9854830194231705,6.792204819964374,-4.806721800541203,0.7076821044048573,0.7857142857142857,1.4058546933375762,0.5796283260855943,0.4642857142857143
c26,D005,ipr,28,0.030718465275845312,0.1510183337509546,-0.12029986847510929,0.7965911521279042,0.75,0.023980505767831752,0.00673795950801356,0.4642857142857143
c26,D005,purity,28,0.03720499297286589,0.15300356482193453,-0.11579857184906864,0.7568357768907865,0.7857142857142857,0.02469779174008092,0.012507201232784971,0.5
c26,D005,c_l1,28,0.06561693882460166,0.16043290934446186,-0.0948159705198602,0.5910007548157279,0.7142857142857143,0.03869013673093247,0.026926802093669197,0.4642857142857143
c26,D010,eta,19,0.07275084676298826,0.3718708393020039,-0.2991199925390156,0.8043652820437855,0.8947368421052632,0.03470990890607929,0.03804093785690897,0.42105263157894735
c26,D010,tau_transfer,19,1.8989888337754828,7.365623148790545,-5.466634315015062,0.7421821894204156,0.8947368421052632,1.2479028979771667,0.6510859357983161,0.21052631578947367
c26,D010,ipr,19,0.043672156038821436,0.12994586566209487,-0.08627370962327344,0.6639203885686947,0.7894736842105263,0.019891214926862168,0.023780941111959268,0.3157894736842105
c26,D010,purity,19,0.04448632688948443,0.13007933730299784,-0.08559301041351342,0.6580061998174156,0.8421052631578947,0.021464418267709784,0.023021908621774646,0.3684210526315789
c26,D010,c_l1,19,0.043583943376221713,0.16112236007785463,-0.11753841670163293,0.7294978589243488,0.7368421052631579,0.04243563098587433,0.001148312390347385,0.5263157894736842
c26,D009,eta,32,0.07194364199127469,0.28554540144752083,-0.21360175945624615,0.748048325672312,0.8125,0.033499315969900675,0.038444326021374015,0.28125
c26,D009,tau_transfer,32,1.6306393701248054,6.814014175771295,-5.183374805646489,0.7606932818069417,0.8125,0.9857145689731599,0.6449248011516455,0.375
c26,D009,ipr,32,0.023310462535651624,0.11187290931542608,-0.08856244677977446,0.791634429833878,0.90625,0.017240937554526284,0.0060695249811253404,0.375
c26,D009,purity,32,0.0264324980485393,0.10486441303050113,-0.07843191498196184,0.7479364325354964,0.875,0.0216232734293818,0.0048092246191575,0.40625
c26,D009,c_l1,32,0.05059910168327596,0.16680518548743858,-0.11620608380416263,0.6966575017712122,0.875,0.05240810966971511,-0.001809007986439154,0.46875
c26,D012,eta,7,0.10544950827124179,0.33601114071915766,-0.2305616324479159,0.6861725833091414,0.8571428571428571,0.057801901423377926,0.047647606847863865,0.42857142857142855
c26,D012,tau_transfer,7,1.8843106891488648,8.34546942996688,-6.461158740818014,0.7742115401702043,1.0,0.9684584701450893,0.9158522190037754,0.14285714285714285
c26,D012,ipr,7,0.012853575891921529,0.21880687227657797,-0.20595329638465643,0.9412560686134471,1.0,0.016766967739285,-0.00391339184736347,0.7142857142857143
c26,D012,purity,7,0.01790615606039983,0.20745586734543167,-0.18954971128503184,0.9136869142843544,0.8571428571428571,0.017661126747218498,0.00024502931318133234,0.7142857142857143
c26,D012,c_l1,7,0.0785987507486825,0.22157207003694715,-0.14297331928826465,0.6452677869752439,1.0,0.04069395885545154,0.03790479189323096,0.2857142857142857
c33,D008,eta,26,0.08770177848986785,0.31723363544512434,-0.2295318569552565,0.7235419933740328,0.8076923076923077,0.07454328607844916,0.013158492411418685,0.5384615384615384
c33,D008,tau_transfer,26,1.7098801287079177,8.096058256330865,-6.386178127622948,0.7888009109407229,0.8846153846153846,1.3587428492473894,0.3511372794605283,0.4230769230769231
c33,D008,ipr,26,0.023328756386895917,0.09671389000578816,-0.07338513361889223,0.7587858746504795,0.8076923076923077,0.017646855704590677,0.00568190068230524,0.38461538461538464
c33,D008,purity,26,0.025053727674446327,0.09266031936242654,-0.06760659168798021,0.7296175121472166,0.7307692307692307,0.02106843272752023,0.003985294946926097,0.46153846153846156
c33,D008,c_l1,26,0.05420552091774085,0.1612069940790579,-0.10700147316131704,0.663752052276604,0.8846153846153846,0.06448317821639937,-0.010277657298658524,0.5769230769230769
c33,D004,eta,40,0.09877025840124266,0.3753906684981789,-0.2766204100969363,0.736886751084166,0.875,0.056182938569984596,0.04258731983125807,0.45
c33,D004,tau_transfer,40,2.4657357429306317,7.747933179808851,-5.282197436878219,0.6817556778424019,0.75,1.2982915632577514,1.1674441796728803,0.375
c33,D004,ipr,40,0.04011166134572171,0.13041536116251776,-0.09030369981679605,0.6924314667523226,0.725,0.025302996955733247,0.01480866438998846,0.525
c33,D004,purity,40,0.039427238038143506,0.12439857069881954,-0.08497133266067604,0.6830571459410053,0.65,0.026912950708549453,0.012514287329594052,0.425
c33,D004,c_l1,40,0.05066350427418326,0.16781488577835604,-0.11715138150417279,0.6980988662644754,0.75,0.05940249779329485,-0.008738993519111594,0.55
c33,D011,eta,22,0.08980027993299594,0.3947721151409466,-0.3049718352079507,0.772526284180598,1.0,0.08116610877764827,0.008634171155347675,0.5454545454545454
c33,D011,tau_transfer,22,2.592043093663,6.747803669962928,-4.155760576299928,0.6158686262314979,0.8181818181818182,1.252498071115667,1.3395450225473329,0.3181818181818182
c33,D011,ipr,22,0.032988318057216276,0.09719074335779485,-0.06420242530057857,0.6605816879517614,0.7727272727272727,0.01843869649221069,0.014549621565005586,0.2727272727272727
c33,D011,purity,22,0.03580357900002911,0.08883319187954941,-0.0530296128795203,0.5969571931111531,0.6818181818181818,0.02144176023617826,0.014361818763850849,0.36363636363636365
c33,D011,c_l1,22,0.04574287923704245,0.10489499469322654,-0.05915211545618409,0.5639174264623301,0.5909090909090909,0.0375271289371672,0.00821575029987525,0.4090909090909091
c33,D007,eta,31,0.07487634993386426,0.37895665058664946,-0.3040803006527852,0.8024144718981687,0.8387096774193549,0.05670651764725273,0.01816983228661153,0.3870967741935484
c33,D007,tau_transfer,31,1.8389148469160512,8.379710606825599,-6.540795759909548,0.7805515090917121,0.8387096774193549,1.2274098581239763,0.6115049887920749,0.41935483870967744
c33,D007,ipr,31,0.03640904276605898,0.1271913283651012,-0.09078228559904221,0.7137458721906949,0.7419354838709677,0.019763666363044195,0.016645376403014788,0.5161290322580645
c33,D007,purity,31,0.03697785113198039,0.12300669708483349,-0.0860288459528531,0.6993834318916958,0.8064516129032258,0.019791825538492458,0.017186025593487933,0.45161290322580644
c33,D007,c_l1,31,0.051367848789183754,0.13473199969886118,-0.08336415090967743,0.6187405449039889,0.8064516129032258,0.03793285851252398,0.013434990276659772,0.45161290322580644
c33,D006,eta,38,0.08811812955022147,0.3361894931769333,-0.24807136362671184,0.7378914828136948,0.8421052631578947,0.07986111620738727,0.008257013342834199,0.5263157894736842
c33,D006,tau_transfer,38,2.04511537358445,7.824854769993141,-5.77973939640869,0.7386385519349079,0.8421052631578947,1.64530098138757,0.39981439219688,0.5
c33,D006,ipr,38,0.026793536310960254,0.09837186272424239,-0.07157832641328214,0.727630080706428,0.8157894736842105,0.02637069528822645,0.0004228410227338046,0.5789473684210527
c33,D006,purity,38,0.03189797401923693,0.09926019975173134,-0.06736222573249441,0.6786428588797944,0.7894736842105263,0.03020045974182827,0.0016975142774086557,0.5789473684210527
c33,D006,c_l1,38,0.07179519290771337,0.18096451379147213,-0.10916932088375876,0.6032636929556037,0.8157894736842105,0.047806532236086156,0.023988660671627214,0.39473684210526316
c33,D000,eta,59,0.07033427611674249,0.304765828756432,-0.2344315526396895,0.769218627942198,0.864406779661017,0.06727634957773547,0.003057926539007022,0.5084745762711864
c33,D000,tau_transfer,59,1.9249956140564082,7.308445840664326,-5.383450226607917,0.7366067073596281,0.8305084745762712,1.6905040324413232,0.234491581615085,0.4406779661016949
c33,D000,ipr,59,0.023058122636067217,0.12138125959350023,-0.09832313695743301,0.8100355630408869,0.8135593220338984,0.02042679805838887,0.002631324577678347,0.5254237288135594
c33,D000,purity,59,0.02515617453352372,0.11278695229972517,-0.08763077776620146,0.7769584688601873,0.7627118644067796,0.023234252008176852,0.0019219225253468697,0.4406779661016949
c33,D000,c_l1,59,0.05987999374998382,0.17808322221887216,-0.11820322846888834,0.6637527499564857,0.8135593220338984,0.06118391556298721,-0.0013039218130033933,0.5423728813559322
c33,D002,eta,54,0.07199438218218139,0.3625821997422243,-0.29058781756004287,0.8014398328617197,0.8518518518518519,0.07660483281396979,-0.004610450631788401,0.5740740740740741
c33,D002,tau_transfer,54,1.8786905223857646,7.1571829512886245,-5.27849242890286,0.7375097807095299,0.8703703703703703,1.6945508301276309,0.18413969225813376,0.4444444444444444
c33,D002,ipr,54,0.03658247035631267,0.14672280965579265,-0.11014033929947997,0.7506695077463821,0.8888888888888888,0.025659949510219677,0.010922520846092996,0.48148148148148145
c33,D002,purity,54,0.03876558904633003,0.14353710219544896,-0.10477151314911892,0.7299263503763339,0.9444444444444444,0.026617753178472116,0.012147835867857917,0.42592592592592593
c33,D002,c_l1,54,0.045813565676956276,0.1911730325855271,-0.14535946690857082,0.7603555006825549,0.8148148148148148,0.05550186576789287,-0.009688300090936595,0.5740740740740741
c33,D001,eta,50,0.08052969024927929,0.37227739961661327,-0.29174770936733396,0.7836836446901904,0.82,0.06398870178950049,0.016540988459778805,0.6
c33,D001,tau_transfer,50,1.9332924165574317,8.104720395232064,-6.171427978674632,0.7614609360620546,0.8,1.8988078345622557,0.03448458199517601,0.44
c33,D001,ipr,50,0.03287137072458775,0.186420095208483,-0.15354872448389523,0.8236704541544942,0.94,0.018671520156234692,0.014199850568353056,0.28
c33,D001,purity,50,0.034195993505696146,0.18247847584182675,-0.14828248233613062,0.8126025913580218,0.88,0.0199175131666038,0.014278480339092344,0.36
c33,D001,c_l1,50,0.04693685580960322,0.14857235663785506,-0.10163550082825185,0.6840808285486664,0.76,0.053442355870523636,-0.006505500060920419,0.6
c33,D003,eta,47,0.08301883717973098,0.3584356894598643,-0.27541685228013335,0.7683856836219793,0.851063829787234,0.07301813513686264,0.010000702042868334,0.5319148936170213
c33,D003,tau_transfer,47,1.859979593306248,8.262200481447248,-6.4022208881410005,0.7748808446995654,0.8936170212765957,1.5048271204248302,0.3551524728814177,0.5106382978723404
c33,D003,ipr,47,0.03251208645197866,0.12230953262926443,-0.08979744617728577,0.7341819091850601,0.8297872340425532,0.02176506691364852,0.010747019538330137,0.425531914893617
c33,D003,purity,47,0.03579560216899038,0.12192588823767789,-0.0861302860686875,0.7064150797965749,0.7872340425531915,0.02223977796719405,0.01355582420179633,0.40425531914893614
c33,D003,c_l1,47,0.04573749379414607,0.138815365269108,-0.09307787147496194,0.6705156255182617,0.851063829787234,0.04995781687225458,-0.004220323078108511,0.5106382978723404
c33,D005,eta,28,0.06284456121666854,0.3530554361414434,-0.2902108749247749,0.8219980354827582,0.8928571428571429,0.09663247554618279,-0.03378791432951425,0.6428571428571429
c33,D005,tau_transfer,28,1.8989265609489228,6.792204819964374,-4.893278259015451,0.7204256038676284,0.7857142857142857,1.480340840910775,0.41858572003814776,0.5
c33,D005,ipr,28,0.03532751146331917,0.1510183337509546,-0.11569082228763544,0.7660713730190004,0.7142857142857143,0.022401358826336138,0.012926152636983029,0.5
c33,D005,purity,28,0.03989156974307489,0.15300356482193453,-0.11311199507885963,0.7392768607090908,0.6785714285714286,0.025783767016954378,0.01410780272612051,0.5
c33,D005,c_l1,28,0.0647695230859212,0.16043290934446186,-0.09566338625854066,0.5962828116090819,0.7857142857142857,0.06080477731167381,0.003964745774247387,0.6428571428571429
c33,D010,eta,19,0.10016177788889982,0.3718708393020039,-0.271709061413104,0.7306543904413102,0.7368421052631579,0.04969458304217283,0.050467194846726994,0.42105263157894735
c33,D010,tau_transfer,19,2.44902429866229,7.365623148790545,-4.9165988501282545,0.6675061635396828,0.7894736842105263,1.392912997866339,1.056111300795951,0.3157894736842105
c33,D010,ipr,19,0.0450095490669359,0.12994586566209487,-0.08493631659515898,0.6536284641484738,0.8421052631578947,0.024389947156426246,0.02061960191050965,0.42105263157894735
c33,D010,purity,19,0.04590365647365576,0.13007933730299784,-0.08417568082934207,0.6471103141713357,0.8947368421052632,0.02579241144389097,0.02011124502976479,0.3684210526315789
c33,D010,c_l1,19,0.0391409435075254,0.16112236007785463,-0.12198141657032924,0.7570731741478189,0.7894736842105263,0.051337067574018146,-0.012196124066492744,0.5789473684210527
c33,D009,eta,32,0.052778799760563835,0.28554540144752083,-0.232766601686957,0.8151649457739076,0.875,0.058871402427349874,-0.006092602666786039,0.59375
c33,D009,tau_transfer,32,1.4922116566552708,6.814014175771295,-5.321802519116024,0.7810084308363853,0.875,1.3900667318433761,0.10214492481189463,0.46875
c33,D009,ipr,32,0.02215932538564467,0.11187290931542608,-0.0897135839297814,0.801924116202553,0.875,0.020106079919108094,0.0020532454665365754,0.53125
c33,D009,purity,32,0.026095944507056313,0.10486441303050113,-0.07876846852344482,0.7511458486925782,0.90625,0.023898119531496707,0.0021978249755596063,0.53125
c33,D009,c_l1,32,0.049285721259831605,0.16680518548743858,-0.11751946422760698,0.7045312403459836,0.96875,0.05831375831499691,-0.009028037055165306,0.625
c33,D012,eta,7,0.07138651244376142,0.33601114071915766,-0.26462462827539623,0.7875471858136182,1.0,0.07176930161981306,-0.00038278917605164,0.42857142857142855
c33,D012,tau_transfer,7,2.058935323870507,8.34546942996688,-6.286534106096372,0.7532870569895938,1.0,1.8184330988333568,0.24050222503715002,0.2857142857142857
c33,D012,ipr,7,0.006549208753413557,0.21880687227657797,-0.2122576635231644,0.970068541790885,1.0,0.02801615822281425,-0.02146694946940069,1.0
c33,D012,purity,7,0.0086980198797939,0.20745586734543167,-0.19875784746563777,0.9580729145379583,0.8571428571428571,0.03155939112322119,-0.02286137124342729,0.8571428571428571
c33,D012,c_l1,7,0.07712062821638115,0.22157207003694715,-0.14445144182056602,0.6519388558155309,1.0,0.0432860209874981,0.03383460722888305,0.2857142857142857
