source,metric,score_column,quantile,threshold,high_n,nonhigh_n,high_pass,nonhigh_pass,high_pass_rate,nonhigh_pass_rate,pass_rate_delta,enrichment_ratio,bath_threshold,deloc_threshold
original_mechanistic_signature,bath_resonance_original,bath_score,0.5,0.9980699,19194,96559,8693,49329,0.4529019485255809,0.510869002371607,-0.05796705384602613,0.8865324504385161,,
original_mechanistic_signature,bath_resonance_original,bath_score,0.55,0.998550731,19194,96559,7765,44455,0.40455350630405335,0.4603920918816475,-0.055838585577594135,0.8787151504940521,,
original_mechanistic_signature,bath_resonance_original,bath_score,0.6,0.99892724,19194,96559,6853,39512,0.3570386579139314,0.4092005923839311,-0.05216193446999967,0.8725272263998608,,
original_mechanistic_signature,bath_resonance_original,bath_score,0.65,0.9992323175,19194,96559,5980,34623,0.3115556944878608,0.3585683364575027,-0.04701264196964189,0.8688879156645395,,
original_mechanistic_signature,bath_resonance_original,bath_score,0.7,0.999467451,19194,96559,5086,29737,0.26497863915807024,0.307967149618368,-0.04298851046029778,0.8604120260437874,,
original_mechanistic_signature,bath_resonance_original,bath_score,0.75,0.99964976,19194,96559,4263,24832,0.22210065645514224,0.2571691918930395,-0.03506853543789726,0.863636327587471,,
original_mechanistic_signature,bath_resonance_original,bath_score,0.8,0.99978542,19194,96559,3435,19802,0.17896217567989997,0.20507668886380348,-0.02611451318390351,0.872659767774743,,
original_mechanistic_signature,bath_resonance_original,bath_score,0.85,0.9998845,19194,96559,2576,14842,0.13420860685630925,0.15370913120475563,-0.019500524348446374,0.8731335985337803,,
original_mechanistic_signature,bath_resonance_original,bath_score,0.9,0.99995005,19194,96559,1663,9973,0.08664165885172449,0.10328400252695244,-0.016642343675227947,0.8388681376780973,,
original_mechanistic_signature,bath_resonance_original,bath_score,0.95,0.9999885,19194,96559,813,5002,0.04235698655829947,0.051802524881160744,-0.009445538322861276,0.817662587981375,,
original_mechanistic_signature,source_sink_delocalization,deloc_score,0.5,0.020019857,19194,96559,18124,31600,0.9442534125247474,0.32726105282780477,0.6169923596969427,2.8853216854423125,,
original_mechanistic_signature,source_sink_delocalization,deloc_score,0.55,0.026088521800000004,19194,96559,17620,26476,0.9179952068354694,0.27419505173003034,0.6438001551054391,3.347964162895683,,
original_mechanistic_signature,source_sink_delocalization,deloc_score,0.6,0.03400828059999999,19194,96559,16982,21754,0.8847556528081693,0.2252923083296223,0.6594633444785469,3.9271454022020786,,
original_mechanistic_signature,source_sink_delocalization,deloc_score,0.65,0.044442467950000016,19194,96559,16056,17542,0.8365114098155674,0.18167130976915669,0.6548401000464107,4.604532277983204,,
original_mechanistic_signature,source_sink_delocalization,deloc_score,0.7,0.059301175399999954,19194,96559,14919,13664,0.7772741481713036,0.14150933626073178,0.6357648119105718,5.492741106065054,,
original_mechanistic_signature,source_sink_delocalization,deloc_score,0.75,0.08089033400000001,19194,96559,13474,10358,0.701990205272481,0.1072712020629874,0.5947190032094936,6.544069533781182,,
original_mechanistic_signature,source_sink_delocalization,deloc_score,0.8,0.111964244,19194,96559,11687,7452,0.6088881942273627,0.07717561283774688,0.5317125813896159,7.889645081374116,,
original_mechanistic_signature,source_sink_delocalization,deloc_score,0.85,0.1599245085,19194,96559,9416,5058,0.4905699697822236,0.05238248117731128,0.43818748860491236,9.365153363424621,,
original_mechanistic_signature,source_sink_delocalization,deloc_score,0.9,0.23566657200000016,19194,96559,6666,3104,0.3472960300093779,0.03214614898662994,0.315149881022748,10.803658943838764,,
original_mechanistic_signature,source_sink_delocalization,deloc_score,0.95,0.3497125014999999,19194,96559,3476,1396,0.18109825987287695,0.014457481954038464,0.1666407779188385,12.526265669817425,,
bath_sensitivity_variants,spectral_only,spectral_only_score,0.5,0.9980699,19194,96559,8693,49329,0.4529019485255809,0.510869002371607,-0.05796705384602613,0.8865324504385161,,
bath_sensitivity_variants,spectral_only,spectral_only_score,0.55,0.998550731,19194,96559,7765,44455,0.40455350630405335,0.4603920918816475,-0.055838585577594135,0.8787151504940521,,
bath_sensitivity_variants,spectral_only,spectral_only_score,0.6,0.99892724,19194,96559,6853,39512,0.3570386579139314,0.4092005923839311,-0.05216193446999967,0.8725272263998608,,
bath_sensitivity_variants,spectral_only,spectral_only_score,0.65,0.9992323175,19194,96559,5980,34623,0.3115556944878608,0.3585683364575027,-0.04701264196964189,0.8688879156645395,,
bath_sensitivity_variants,spectral_only,spectral_only_score,0.7,0.999467451,19194,96559,5086,29737,0.26497863915807024,0.307967149618368,-0.04298851046029778,0.8604120260437874,,
bath_sensitivity_variants,spectral_only,spectral_only_score,0.75,0.99964976,19194,96559,4263,24832,0.22210065645514224,0.2571691918930395,-0.03506853543789726,0.863636327587471,,
bath_sensitivity_variants,spectral_only,spectral_only_score,0.8,0.99978542,19194,96559,3435,19802,0.17896217567989997,0.20507668886380348,-0.02611451318390351,0.872659767774743,,
bath_sensitivity_variants,spectral_only,spectral_only_score,0.85,0.9998845,19194,96559,2576,14842,0.13420860685630925,0.15370913120475563,-0.019500524348446374,0.8731335985337803,,
bath_sensitivity_variants,spectral_only,spectral_only_score,0.9,0.99995005,19194,96559,1663,9973,0.08664165885172449,0.10328400252695244,-0.016642343675227947,0.8388681376780973,,
bath_sensitivity_variants,spectral_only,spectral_only_score,0.95,0.9999885,19194,96559,813,5002,0.04235698655829947,0.051802524881160744,-0.009445538322861276,0.817662587981375,,
bath_sensitivity_variants,bath_x_coupling,bath_x_coupling_score,0.5,0.268024625,19194,96559,9204,48271,0.4795248515160988,0.4999119709193343,-0.02038711940323551,0.9592185812919347,,
bath_sensitivity_variants,bath_x_coupling,bath_x_coupling_score,0.55,0.283095561,19194,96559,7969,43924,0.41518182765447537,0.4548928634306486,-0.03971103577617324,0.9127024427758967,,
bath_sensitivity_variants,bath_x_coupling,bath_x_coupling_score,0.6,0.297717992,19194,96559,6810,39375,0.3547983744920288,0.4077817707308485,-0.0529833962388197,0.8700692379066872,,
bath_sensitivity_variants,bath_x_coupling,bath_x_coupling_score,0.65,0.3124753595,19194,96559,5711,34786,0.29754089819735335,0.360256423533798,-0.06271552533644464,0.8259142065497108,,
bath_sensitivity_variants,bath_x_coupling,bath_x_coupling_score,0.7,0.327984807,19194,96559,4658,30154,0.24268000416796914,0.3122857527522033,-0.06960574858423418,0.7771087922814529,,
bath_sensitivity_variants,bath_x_coupling,bath_x_coupling_score,0.75,0.34440514,19194,96559,3646,25431,0.18995519433156194,0.263372652989364,-0.07341745865780208,0.7212411470041009,,
bath_sensitivity_variants,bath_x_coupling,bath_x_coupling_score,0.8,0.362425924,19194,96559,2759,20629,0.14374283630301135,0.21364140059445522,-0.06989856429144387,0.6728229449116522,,
bath_sensitivity_variants,bath_x_coupling,bath_x_coupling_score,0.85,0.3835313795,19194,96559,1917,15776,0.09987496092528915,0.16338197371555216,-0.06350701279026301,0.6112973093296776,,
bath_sensitivity_variants,bath_x_coupling,bath_x_coupling_score,0.9,0.40853967,19194,96559,1144,10728,0.059601958945503804,0.11110305616255346,-0.05150109721704966,0.5364565206766314,,
bath_sensitivity_variants,bath_x_coupling,bath_x_coupling_score,0.95,0.4401816265,19194,96559,499,5554,0.025997707616963635,0.05751923694321606,-0.03152152932625243,0.45198283215455376,,
bath_sensitivity_variants,bath_x_path,bath_x_path_score,0.5,0.39913532,19194,96559,9974,46716,0.5196415546524956,0.48380782733872557,0.03583372731377005,1.0740660346709976,,
bath_sensitivity_variants,bath_x_path,bath_x_path_score,0.55,0.4369222910000002,19194,96559,8608,42470,0.44847348129623843,0.4398347124555971,0.008638768840641353,1.0196409437363665,,
bath_sensitivity_variants,bath_x_path,bath_x_path_score,0.6,0.47734593999999997,19194,96559,7171,38332,0.3736063353131187,0.3969800847150447,-0.02337374940192599,0.9411211032948823,,
bath_sensitivity_variants,bath_x_path,bath_x_path_score,0.65,0.5208489500000001,19194,96559,5847,34098,0.30462644576430137,0.3531312461810914,-0.048504800416790006,0.8626437027554453,,
bath_sensitivity_variants,bath_x_path,bath_x_path_score,0.7,0.569620375,19194,96559,4655,29716,0.2425237053245806,0.3077496660073116,-0.06522596068273098,0.7880551373817533,,
bath_sensitivity_variants,bath_x_path,bath_x_path_score,0.75,0.6218692025,19194,96559,3516,25313,0.18318224445139106,0.2621506022224754,-0.07896835777108432,0.6987672082322075,,
bath_sensitivity_variants,bath_x_path,bath_x_path_score,0.8,0.6780413980000001,19194,96559,2543,20732,0.13248931957903512,0.21470810592487494,-0.08221878634583982,0.6170671526737436,,
bath_sensitivity_variants,bath_x_path,bath_x_path_score,0.85,0.7424519879999999,19194,96559,1591,16065,0.08289048661039908,0.1663749624581862,-0.08348447584778712,0.49821490797469803,,
bath_sensitivity_variants,bath_x_path,bath_x_path_score,0.9,0.8160995050000001,19194,96559,793,11177,0.04131499426904241,0.11575306289418905,-0.07443806862514664,0.3569235511876591,,
bath_sensitivity_variants,bath_x_path,bath_x_path_score,0.95,0.9001787249999998,19194,96559,240,5990,0.012503907471084715,0.06203461096324527,-0.04953070349216056,0.20156340592662253,,
bath_sensitivity_variants,bath_x_coupling_x_path,bath_x_coupling_x_path_score,0.5,0.006717491650000001,19194,96559,17842,32417,0.9295613212462228,0.3357222009341439,0.593839120312079,2.7688407816335263,,
bath_sensitivity_variants,bath_x_coupling_x_path,bath_x_coupling_x_path_score,0.55,0.009001172000000019,19194,96559,17238,27412,0.8980931541106596,0.28388860696568935,0.6142045471449702,3.163540670792762,,
bath_sensitivity_variants,bath_x_coupling_x_path,bath_x_coupling_x_path_score,0.6,0.012157021799999999,19194,96559,16448,22870,0.8569344586850057,0.23685000880290807,0.6200844498820977,3.6180469784068854,,
bath_sensitivity_variants,bath_x_coupling_x_path,bath_x_coupling_x_path_score,0.65,0.0165798928,19194,96559,15412,18740,0.80295925810149,0.19407823196180574,0.6088810261396843,4.137296851815463,,
bath_sensitivity_variants,bath_x_coupling_x_path,bath_x_coupling_x_path_score,0.7,0.02296595539999999,19194,96559,14048,15070,0.7318953839741585,0.15607038183908284,0.5758250021350757,4.689521325889899,,
bath_sensitivity_variants,bath_x_coupling_x_path,bath_x_coupling_x_path_score,0.75,0.0321578495,19194,96559,12421,11803,0.6471293112430968,0.12223614577615759,0.5248931654669392,5.294091261909869,,
bath_sensitivity_variants,bath_x_coupling_x_path,bath_x_coupling_x_path_score,0.8,0.046011148800000054,19194,96559,10354,9039,0.5394394081483797,0.09361116001615592,0.4458282481322237,5.762554465250513,,
bath_sensitivity_variants,bath_x_coupling_x_path,bath_x_coupling_x_path_score,0.85,0.06712349449999999,19194,96559,7870,6641,0.41002396582265294,0.0687766029059953,0.34124736291665764,5.9616780779806575,,
bath_sensitivity_variants,bath_x_coupling_x_path,bath_x_coupling_x_path_score,0.9,0.10076917060000004,19194,96559,4955,4612,0.2581535896634365,0.04776354353296948,0.21039004613046702,5.404824905531606,,
bath_sensitivity_variants,bath_x_coupling_x_path,bath_x_coupling_x_path_score,0.95,0.16677984999999995,19194,96559,2069,2657,0.10779410232364281,0.027516854979856877,0.08027724734378594,3.917384541312994,,
original_mechanistic_signature,strict_joint_original,bath_score+deloc_score,0.5,,19194,96559,8272,17754,0.4309680108367198,0.18386685860458374,0.24710115223213608,2.3439134932061974,0.9980699,0.020019857
original_mechanistic_signature,strict_joint_original,bath_score+deloc_score,0.55,,19194,96559,7222,13649,0.3762634156507242,0.1413539908242629,0.2349094248264613,2.6618520881982763,0.998550731,0.026088521800000004
original_mechanistic_signature,strict_joint_original,bath_score+deloc_score,0.6,,19194,96559,6170,10189,0.3214546212358029,0.10552097681210451,0.21593364442369836,3.0463575200616244,0.99892724,0.03400828059999999
original_mechanistic_signature,strict_joint_original,bath_score+deloc_score,0.65,,19194,96559,5120,7357,0.26675002604980724,0.07619175840677721,0.19055826764303002,3.5010351726713793,0.9992323175,0.044442467950000016
original_mechanistic_signature,strict_joint_original,bath_score+deloc_score,0.7,,19194,96559,4060,5080,0.21152443471918309,0.05261032115079899,0.15891411356838409,4.0205881677263,0.999467451,0.059301175399999954
original_mechanistic_signature,strict_joint_original,bath_score+deloc_score,0.75,,19194,96559,3111,3260,0.1620819005939356,0.03376174152590644,0.12832015906802915,4.800756515168659,0.99964976,0.08089033400000001
original_mechanistic_signature,strict_joint_original,bath_score+deloc_score,0.8,,19194,96559,2184,1949,0.1137855579868709,0.020184550378525047,0.09360100760834586,5.637259976220763,0.99978542,0.111964244
original_mechanistic_signature,strict_joint_original,bath_score+deloc_score,0.85,,19194,96559,1342,1047,0.0699176826091487,0.010843111465528847,0.05907457114361985,6.4481198806655105,0.9998845,0.1599245085
original_mechanistic_signature,strict_joint_original,bath_score+deloc_score,0.9,,19194,96559,569,414,0.029644680629363342,0.004287534046541493,0.02535714658282185,6.914156320992017,0.99995005,0.23566657200000016
original_mechanistic_signature,strict_joint_original,bath_score+deloc_score,0.95,,19194,96559,137,99,0.007137647181410857,0.0010252798806947047,0.006112367300716152,6.961657315049,0.9999885,0.3497125014999999
