context,dynamic_family,metric,n_targets,model_abs_error_mean,model_abs_error_median
c5,D000,c_l1,59,0.05187697109452627,0.0340634388082446
c5,D000,eta,59,0.10235894678707692,0.0718886014676204
c5,D000,ipr,59,0.03788271203956733,0.024210561444867
c5,D000,purity,59,0.0411730382063127,0.0231727037814613
c5,D000,tau_transfer,59,2.5039218182774907,1.6788779698976697
c5,D001,c_l1,50,0.038695186899444275,0.02840945878757055
c5,D001,eta,50,0.07315280120010041,0.03177077506100695
c5,D001,ipr,50,0.0356109729768946,0.0237394682446974
c5,D001,purity,50,0.036716647355250126,0.025599603215482748
c5,D001,tau_transfer,50,2.3366195968186267,2.103616037282144
c5,D002,c_l1,54,0.03425381402665351,0.0258292010790331
c5,D002,eta,54,0.0759113879120207,0.04761564094994465
c5,D002,ipr,54,0.04442603869476459,0.026752134522477
c5,D002,purity,54,0.0463093954605709,0.033194371494598696
c5,D002,tau_transfer,54,2.145376493657896,1.3820690125870652
c5,D003,c_l1,47,0.0371158816051023,0.0287638327345848
c5,D003,eta,47,0.08839179546666484,0.0578768192113792
c5,D003,ipr,47,0.03973683649534963,0.0258349117813732
c5,D003,purity,47,0.042392839514616115,0.0251717160918089
c5,D003,tau_transfer,47,2.3278183146886833,1.5571318249293746
c5,D004,c_l1,40,0.03846419667063332,0.0260228500136125
c5,D004,eta,40,0.10832944729669462,0.0843028141324316
c5,D004,ipr,40,0.04643269377451837,0.024693663827141048
c5,D004,purity,40,0.047161748346787435,0.0305597807803317
c5,D004,tau_transfer,40,2.4613948670850667,1.0824165418229228
c5,D005,c_l1,28,0.05651808920058499,0.028933664429794004
c5,D005,eta,28,0.08706003408854535,0.040265515918240805
c5,D005,ipr,28,0.04359777896755127,0.03159584846214505
c5,D005,purity,28,0.05551001780980281,0.037443825272103354
c5,D005,tau_transfer,28,1.9198611546436013,1.2824791864775502
c5,D006,c_l1,38,0.03824911242973194,0.0224951271526114
c5,D006,eta,38,0.10183791417152692,0.06015809820978435
c5,D006,ipr,38,0.04071051951266693,0.0289070436468084
c5,D006,purity,38,0.04651476631245061,0.0287276594579805
c5,D006,tau_transfer,38,2.522701197992088,1.519912941940957
c5,D007,c_l1,31,0.028797241685112624,0.0245888469383911
c5,D007,eta,31,0.11241039372248628,0.0604289345025932
c5,D007,ipr,31,0.05929519926215371,0.0467055749935355
c5,D007,purity,31,0.059787328328420715,0.0497746212621847
c5,D007,tau_transfer,31,2.4522742261432198,1.6913595149053222
c5,D008,c_l1,26,0.026304701898527186,0.01860787878445875
c5,D008,eta,26,0.1204431503572054,0.0815908370757252
c5,D008,ipr,26,0.039457110230162185,0.03011901762018425
c5,D008,purity,26,0.041529291330381364,0.03556823662177715
c5,D008,tau_transfer,26,3.0150480219103226,2.680847341877227
c5,D009,c_l1,32,0.035711531370968594,0.020588108542361053
c5,D009,eta,32,0.08151633322636613,0.0551032781462976
c5,D009,ipr,32,0.038403980772491464,0.02913947482305425
c5,D009,purity,32,0.04247008839893243,0.03016885256698525
c5,D009,tau_transfer,32,2.2263159598604223,1.2033632289814111
c5,D010,c_l1,19,0.03321650866483055,0.0211125843173241
c5,D010,eta,19,0.05981607312216423,0.057382775647961
c5,D010,ipr,19,0.05801571100200933,0.0507306821093123
c5,D010,purity,19,0.059041725298074374,0.0513688190103453
c5,D010,tau_transfer,19,1.560363751563308,0.9155211535808832
c5,D011,c_l1,22,0.030323588484362108,0.0247639477768938
c5,D011,eta,22,0.14301926779944465,0.1187181876227841
c5,D011,ipr,22,0.036175311405494376,0.0185791103642629
c5,D011,purity,22,0.03794420944608677,0.01927411968874885
c5,D011,tau_transfer,22,3.6796714959673307,2.46331822544483
c5,D012,c_l1,7,0.04531865252147503,0.0221100390185496
c5,D012,eta,7,0.05571447781864648,0.0372541695699676
c5,D012,ipr,7,0.046759486738189006,0.0349703701847807
c5,D012,purity,7,0.04769926217637165,0.0351327894043146
c5,D012,tau_transfer,7,0.8374753779443681,0.8131159340295788
c12,D000,c_l1,59,0.04953966708509832,0.035299429246605
c12,D000,eta,59,0.098663793780047,0.0456624856930587
c12,D000,ipr,59,0.039132373152920896,0.0220625721335865
c12,D000,purity,59,0.0402462685723746,0.0215523865385516
c12,D000,tau_transfer,59,2.3675637809742955,1.629926842222904
c12,D001,c_l1,50,0.040848970345683924,0.02673305498949985
c12,D001,eta,50,0.0795347244786515,0.043489448889076104
c12,D001,ipr,50,0.0481093933676271,0.03144162612407355
c12,D001,purity,50,0.048117925945666974,0.0332366467494921
c12,D001,tau_transfer,50,2.6048692925400316,2.3473300582273957
c12,D002,c_l1,54,0.041764696325585576,0.0260353144553915
c12,D002,eta,54,0.07919669601721957,0.05552140632865455
c12,D002,ipr,54,0.04980438485947841,0.0317975071904666
c12,D002,purity,54,0.05298852082888663,0.0331352947855217
c12,D002,tau_transfer,54,2.3597719060076363,1.703594369298667
c12,D003,c_l1,47,0.03865138181256695,0.0235077392673725
c12,D003,eta,47,0.09375082259214092,0.0639959015824962
c12,D003,ipr,47,0.04932517143691383,0.0295482158353002
c12,D003,purity,47,0.05179478618897288,0.0330583404571829
c12,D003,tau_transfer,47,2.439529875745209,1.870116486594835
c12,D004,c_l1,40,0.03507748316800391,0.0270477170966163
c12,D004,eta,40,0.0665285355236237,0.0430625792699134
c12,D004,ipr,40,0.05558022247435194,0.03613533208967025
c12,D004,purity,40,0.056933320629199445,0.0372609542954919
c12,D004,tau_transfer,40,1.8781022204234645,1.0539274851237046
c12,D005,c_l1,28,0.052029235272071116,0.03531354740197465
c12,D005,eta,28,0.08983868678038416,0.043331813211508946
c12,D005,ipr,28,0.03527262951797956,0.02651972712989585
c12,D005,purity,28,0.04260527625433469,0.0295762347842856
c12,D005,tau_transfer,28,2.237600764883219,1.3669218041237592
c12,D006,c_l1,38,0.048694843774100945,0.02657906966242385
c12,D006,eta,38,0.12247154337445763,0.1017862483930366
c12,D006,ipr,38,0.05063109720639813,0.0384816910771417
c12,D006,purity,38,0.053327876347113154,0.04382435835341075
c12,D006,tau_transfer,38,2.9525306238763114,2.200279084961041
c12,D007,c_l1,31,0.03516471055120055,0.0297630418223137
c12,D007,eta,31,0.10633289177183808,0.0526700427186395
c12,D007,ipr,31,0.05235562268812491,0.0451502210568469
c12,D007,purity,31,0.05298076873599761,0.046331019112509
c12,D007,tau_transfer,31,2.5831429347316863,2.131212078380237
c12,D008,c_l1,26,0.02942983409232823,0.0209588455429323
c12,D008,eta,26,0.10065381288832799,0.05520929246345185
c12,D008,ipr,26,0.03142672156574801,0.02545469898256955
c12,D008,purity,26,0.032551840133168565,0.028211956253370002
c12,D008,tau_transfer,26,3.023898378004345,2.0024325686701374
c12,D009,c_l1,32,0.042910958872255336,0.0310600656135255
c12,D009,eta,32,0.11083539818009491,0.0729891035463406
c12,D009,ipr,32,0.044885295268578894,0.032685147520854996
c12,D009,purity,32,0.04824086301731759,0.031573187614828455
c12,D009,tau_transfer,32,2.207348318132992,1.5156954281258361
c12,D010,c_l1,19,0.038482782110759416,0.0405338733584842
c12,D010,eta,19,0.0824271287486849,0.0495384030630953
c12,D010,ipr,19,0.042314677708008654,0.0361680556877124
c12,D010,purity,19,0.0413915969274292,0.0320807379423509
c12,D010,tau_transfer,19,2.8426702344585775,2.3891739264927807
c12,D011,c_l1,22,0.04189968736063926,0.04059398613889545
c12,D011,eta,22,0.11766640163892149,0.10115824583586375
c12,D011,ipr,22,0.052537093250900835,0.03182990771092825
c12,D011,purity,22,0.05503970055434386,0.03678806685146595
c12,D011,tau_transfer,22,2.96647893914475,2.3169941671689376
c12,D012,c_l1,7,0.05009094132145907,0.0248888298419603
c12,D012,eta,7,0.10451279252540654,0.0605913242912368
c12,D012,ipr,7,0.06361296853141706,0.0396045612017609
c12,D012,purity,7,0.06479847994955815,0.0387969344339761
c12,D012,tau_transfer,7,2.441938430659438,2.772352973998345
c18,D000,c_l1,59,0.04533127759581471,0.0343114725004237
c18,D000,eta,59,0.0977229977542705,0.0466643103966034
c18,D000,ipr,59,0.038486174298147297,0.0243904107454774
c18,D000,purity,59,0.04025598431114866,0.0281614884352034
c18,D000,tau_transfer,59,2.607646843185089,1.8046698426115704
c18,D001,c_l1,50,0.0431294668489934,0.02748932751199775
c18,D001,eta,50,0.07929985262953984,0.0534822506720209
c18,D001,ipr,50,0.0420021324309367,0.0301379968935256
c18,D001,purity,50,0.043121094640971934,0.0344602735573624
c18,D001,tau_transfer,50,2.5292560272518263,2.1843546216347196
c18,D002,c_l1,54,0.04042053529929691,0.0254696060988952
c18,D002,eta,54,0.06974429327535929,0.0557099661749575
c18,D002,ipr,54,0.03844995497185811,0.0289301859638101
c18,D002,purity,54,0.040858087258327465,0.0330327178389146
c18,D002,tau_transfer,54,1.9495595031424942,1.9303350418992675
c18,D003,c_l1,47,0.034242199357876285,0.0242102697291704
c18,D003,eta,47,0.059875877769366065,0.0517424474962315
c18,D003,ipr,47,0.04343885402848933,0.0297558688763311
c18,D003,purity,47,0.04594593986483983,0.0311329994501594
c18,D003,tau_transfer,47,1.9249786837664935,1.771135550749026
c18,D004,c_l1,40,0.03239228104603286,0.02289542763379665
c18,D004,eta,40,0.09320099995911806,0.05852258516259005
c18,D004,ipr,40,0.03691880296176934,0.02697301598847675
c18,D004,purity,40,0.038368820243053436,0.02574060470137795
c18,D004,tau_transfer,40,1.874767701030348,1.1502424381193865
c18,D005,c_l1,28,0.05697048777344847,0.025635679065549
c18,D005,eta,28,0.08064779178951682,0.03993127752245895
c18,D005,ipr,28,0.04334566851435629,0.033552507323215255
c18,D005,purity,28,0.054833007008690114,0.0379563665720953
c18,D005,tau_transfer,28,1.5433172606468786,0.8949445337375046
c18,D006,c_l1,38,0.05906513710310353,0.030938729486103198
c18,D006,eta,38,0.10827717913466854,0.057329874289970495
c18,D006,ipr,38,0.04993754443978007,0.03375344949344375
c18,D006,purity,38,0.059301209354308604,0.04071485848278105
c18,D006,tau_transfer,38,2.6053861308845763,1.8526911648431632
c18,D007,c_l1,31,0.032155255139546486,0.0259620966793129
c18,D007,eta,31,0.08434908225441351,0.0562323962792107
c18,D007,ipr,31,0.05024325753312241,0.0357381567488236
c18,D007,purity,31,0.05095941012431916,0.0378789157999667
c18,D007,tau_transfer,31,2.0755149723374955,1.5537133707797963
c18,D008,c_l1,26,0.028139654946650498,0.01804860438245385
c18,D008,eta,26,0.08153558770610593,0.0524987630443434
c18,D008,ipr,26,0.03907385975239806,0.02904839630680805
c18,D008,purity,26,0.03855264525841366,0.025031167979949448
c18,D008,tau_transfer,26,2.2703337780825446,1.966282634943882
c18,D009,c_l1,32,0.035765118083469265,0.0219541838453998
c18,D009,eta,32,0.08521732924441236,0.0508967249807421
c18,D009,ipr,32,0.04702683519351156,0.0381774244619766
c18,D009,purity,32,0.050201391596172235,0.03940973544909425
c18,D009,tau_transfer,32,2.5362694709842923,1.919606253843579
c18,D010,c_l1,19,0.03748034692697874,0.0376047474894277
c18,D010,eta,19,0.058321981024263655,0.0288770127412063
c18,D010,ipr,19,0.062463029278366576,0.0591489932775651
c18,D010,purity,19,0.0646046533830552,0.0614380066935769
c18,D010,tau_transfer,19,2.329458496408369,0.8680581143146178
c18,D011,c_l1,22,0.04604137605718623,0.030451256477999053
c18,D011,eta,22,0.11175101787502864,0.0612089455561613
c18,D011,ipr,22,0.03819799943643004,0.0256360396137734
c18,D011,purity,22,0.04072485444316635,0.03220000573165185
c18,D011,tau_transfer,22,2.467840023907271,1.5869574358853047
c18,D012,c_l1,7,0.07893115606869523,0.0092994573482307
c18,D012,eta,7,0.22957525778273,0.2231578017214844
c18,D012,ipr,7,0.0932182020889704,0.0277280582511698
c18,D012,purity,7,0.09632550647990058,0.0381118778805871
c18,D012,tau_transfer,7,5.372697111755512,4.603968014722312
c25,D000,c_l1,59,0.03932801405328117,0.03648795865369
c25,D000,eta,59,0.09445262922700352,0.0564606941556579
c25,D000,ipr,59,0.03635489853655785,0.0174722817068431
c25,D000,purity,59,0.038963968796264035,0.0188302617518417
c25,D000,tau_transfer,59,2.706241796854854,1.980715973217535
c25,D001,c_l1,50,0.03786678125194565,0.02221470520479915
c25,D001,eta,50,0.08656615550688443,0.054263693388995546
c25,D001,ipr,50,0.046159466921308984,0.0265412253337763
c25,D001,purity,50,0.04658561011477956,0.02774921997366235
c25,D001,tau_transfer,50,2.308279644434156,1.7222104969098773
c25,D002,c_l1,54,0.043488591553059695,0.028654722125960097
c25,D002,eta,54,0.09508912217510206,0.07010955787634995
c25,D002,ipr,54,0.04329243438530422,0.0270911919680067
c25,D002,purity,54,0.045686279643182406,0.02955850301456585
c25,D002,tau_transfer,54,2.4569333371579964,1.9117181699334704
c25,D003,c_l1,47,0.040325884220693844,0.0323398690532672
c25,D003,eta,47,0.08653549759511736,0.0494051476595287
c25,D003,ipr,47,0.050829991713065736,0.0264859955497175
c25,D003,purity,47,0.05374292461374937,0.0305758395001684
c25,D003,tau_transfer,47,2.1227264519317663,1.9320869442282136
c25,D004,c_l1,40,0.03540324862101057,0.01906201493508265
c25,D004,eta,40,0.11775744656750073,0.09193483104281774
c25,D004,ipr,40,0.05308820367030387,0.0304483259407477
c25,D004,purity,40,0.05400731119985412,0.0335063976454292
c25,D004,tau_transfer,40,2.598238635177381,1.1556820289416354
c25,D005,c_l1,28,0.06565194512955025,0.03853362692650275
c25,D005,eta,28,0.09160045912370564,0.06509379417154885
c25,D005,ipr,28,0.0530006527917676,0.0327169417023382
c25,D005,purity,28,0.06484768679080041,0.0410660682003536
c25,D005,tau_transfer,28,2.044839157874216,1.3365310375302641
c25,D006,c_l1,38,0.056964283893906974,0.0274998102365165
c25,D006,eta,38,0.11151021983020457,0.035255386610211
c25,D006,ipr,38,0.04627746432936358,0.029975210162649
c25,D006,purity,38,0.053126707078174594,0.03267854174370975
c25,D006,tau_transfer,38,1.971210952681193,1.4167361416070658
c25,D007,c_l1,31,0.03668915625386638,0.0234322431448714
c25,D007,eta,31,0.09929969457386181,0.0541761359541774
c25,D007,ipr,31,0.04047778964481676,0.0238646681186537
c25,D007,purity,31,0.042176414017150846,0.0281228599141169
c25,D007,tau_transfer,31,2.0002438002929366,1.7930198970128686
c25,D008,c_l1,26,0.030584312842200548,0.02033677835305105
c25,D008,eta,26,0.08443515481127219,0.05004002615656455
c25,D008,ipr,26,0.033113802406869744,0.0211670023012057
c25,D008,purity,26,0.03223545917370123,0.0214410440791495
c25,D008,tau_transfer,26,2.5091719205020433,1.3774856147078776
c25,D009,c_l1,32,0.04714142177996587,0.0282213725806625
c25,D009,eta,32,0.08560366617868917,0.0637414026192641
c25,D009,ipr,32,0.03682312128144572,0.03140435527712715
c25,D009,purity,32,0.0414157108107676,0.03265784121067765
c25,D009,tau_transfer,32,2.469845812158314,1.4554065885489287
c25,D010,c_l1,19,0.03337742985445331,0.0154294110562591
c25,D010,eta,19,0.05766095711694532,0.0356737094072436
c25,D010,ipr,19,0.0637536236495491,0.0540252403618603
c25,D010,purity,19,0.06592579335756209,0.0529316885376164
c25,D010,tau_transfer,19,1.5405516967015815,0.8038420674413018
c25,D011,c_l1,22,0.05296229071826753,0.03988076960439675
c25,D011,eta,22,0.10885887643577587,0.06989389691008165
c25,D011,ipr,22,0.04910284398839788,0.02680138143845475
c25,D011,purity,22,0.050521874490424584,0.034087067513741645
c25,D011,tau_transfer,22,2.697950594910905,1.8432435274941774
c25,D012,c_l1,7,0.0379196512228423,0.0101206073890159
c25,D012,eta,7,0.2250664299896003,0.0527894946056755
c25,D012,ipr,7,0.06363601720698708,0.0142103323702851
c25,D012,purity,7,0.06406594103304745,0.0158304616462983
c25,D012,tau_transfer,7,5.54987045997306,2.245744018284768
c26,D000,c_l1,59,0.05171358234850772,0.0337922973155044
c26,D000,eta,59,0.07402947594173859,0.0363294294527469
c26,D000,ipr,59,0.020566774338821293,0.0164796305336155
c26,D000,purity,59,0.023171282465792736,0.016708724238595
c26,D000,tau_transfer,59,1.9590775100900184,1.3468698925306877
c26,D001,c_l1,50,0.04705503641140809,0.0285238693418658
c26,D001,eta,50,0.07647560962347233,0.0270602210445123
c26,D001,ipr,50,0.029843825564777503,0.0134372542895228
c26,D001,purity,50,0.03204687572600271,0.01550155543098285
c26,D001,tau_transfer,50,1.736997421005222,1.1900111072131665
c26,D002,c_l1,54,0.044013238477044934,0.0267280396593044
c26,D002,eta,54,0.06118524876860053,0.03199920080384985
c26,D002,ipr,54,0.03323053301420599,0.0209344381485004
c26,D002,purity,54,0.0338052905618838,0.02212344777002365
c26,D002,tau_transfer,54,1.8706578639172686,1.3786572692678973
c26,D003,c_l1,47,0.05312458429184898,0.0359400060748404
c26,D003,eta,47,0.06139052231744842,0.0422982095424595
c26,D003,ipr,47,0.028699814925681178,0.0109479363981611
c26,D003,purity,47,0.03128752101728073,0.0148021362430594
c26,D003,tau_transfer,47,1.4090019107018499,0.9365121093562648
c26,D004,c_l1,40,0.046443981980535745,0.03393210242606945
c26,D004,eta,40,0.09030685051619518,0.0556046455553349
c26,D004,ipr,40,0.033039708677202885,0.0189175969464836
c26,D004,purity,40,0.033894554219726813,0.01931633970587525
c26,D004,tau_transfer,40,2.545428534926331,1.2271141866274036
c26,D005,c_l1,28,0.06561693882460166,0.0258460250109761
c26,D005,eta,28,0.07037513323066251,0.044611175131460346
c26,D005,ipr,28,0.030718465275845312,0.01861731180957915
c26,D005,purity,28,0.03720499297286589,0.01902195559586105
c26,D005,tau_transfer,28,1.9854830194231705,1.6952994885469472
c26,D006,c_l1,38,0.062304279290566006,0.0241346144603801
c26,D006,eta,38,0.09217802905986879,0.0446423154819144
c26,D006,ipr,38,0.024407027105460676,0.014326772232792499
c26,D006,purity,38,0.029681941782118037,0.0134137590616048
c26,D006,tau_transfer,38,2.1048861507527348,1.6134114919720979
c26,D007,c_l1,31,0.03943236285745914,0.026007647982778
c26,D007,eta,31,0.06350651212364422,0.037917503536819
c26,D007,ipr,31,0.03434432151382638,0.0194243300915707
c26,D007,purity,31,0.03435713822256943,0.0182893486895281
c26,D007,tau_transfer,31,2.0900188821510888,1.27952576897561
c26,D008,c_l1,26,0.05416619489239351,0.04713873090832295
c26,D008,eta,26,0.08182732441062343,0.05082878707240905
c26,D008,ipr,26,0.023901704700671527,0.0177218040573605
c26,D008,purity,26,0.023943691340701227,0.015549381884459701
c26,D008,tau_transfer,26,1.7390073750612804,1.4364217437036917
c26,D009,c_l1,32,0.05059910168327594,0.027007024586275602
c26,D009,eta,32,0.07194364199127469,0.0504567987994175
c26,D009,ipr,32,0.023310462535651624,0.01867777736691155
c26,D009,purity,32,0.0264324980485393,0.02419710874911505
c26,D009,tau_transfer,32,1.6306393701248054,1.70196503926487
c26,D010,c_l1,19,0.043583943376221713,0.0277859722719557
c26,D010,eta,19,0.07275084676298826,0.0333359595504005
c26,D010,ipr,19,0.043672156038821436,0.0409335467812555
c26,D010,purity,19,0.04448632688948443,0.0411640762559247
c26,D010,tau_transfer,19,1.8989888337754828,1.587372641355742
c26,D011,c_l1,22,0.04971739992997559,0.042863192642679446
c26,D011,eta,22,0.08901917327953496,0.0630815903388559
c26,D011,ipr,22,0.041389401552313826,0.018673329307407248
c26,D011,purity,22,0.04427488400424445,0.0215713877269727
c26,D011,tau_transfer,22,2.5890829325194575,1.419770109930429
c26,D012,c_l1,7,0.0785987507486825,0.0416268208679633
c26,D012,eta,7,0.10544950827124179,0.0675617126841713
c26,D012,ipr,7,0.012853575891921529,0.0142290524123938
c26,D012,purity,7,0.01790615606039983,0.0198934146432282
c26,D012,tau_transfer,7,1.8843106891488648,1.6467864717181406
c33,D000,c_l1,59,0.05987999374998382,0.0350055656098915
c33,D000,eta,59,0.0703342761167425,0.0386577065643949
c33,D000,ipr,59,0.02305812263606721,0.016529948311996
c33,D000,purity,59,0.025156174533523725,0.0167937177196785
c33,D000,tau_transfer,59,1.9249956140564082,1.6497374765387465
c33,D001,c_l1,50,0.04693685580960322,0.0383976879500074
c33,D001,eta,50,0.08052969024927928,0.031221050053146952
c33,D001,ipr,50,0.03287137072458775,0.0206343692684528
c33,D001,purity,50,0.034195993505696146,0.023862250834933152
c33,D001,tau_transfer,50,1.9332924165574321,1.5048055095734654
c33,D002,c_l1,54,0.045813565676956276,0.032781139555606506
c33,D002,eta,54,0.0719943821821814,0.0529224557635781
c33,D002,ipr,54,0.03658247035631267,0.01993210500078925
c33,D002,purity,54,0.03876558904633003,0.02356609319581075
c33,D002,tau_transfer,54,1.8786905223857646,1.7755853525349377
c33,D003,c_l1,47,0.04573749379414607,0.0386382056587077
c33,D003,eta,47,0.08301883717973098,0.056891426491952
c33,D003,ipr,47,0.03251208645197866,0.0128888745753005
c33,D003,purity,47,0.03579560216899038,0.02290432167018
c33,D003,tau_transfer,47,1.859979593306248,1.4391238909481814
c33,D004,c_l1,40,0.050663504274183244,0.03532495226646755
c33,D004,eta,40,0.09877025840124265,0.0530353421729777
c33,D004,ipr,40,0.040111661345721715,0.017773974074071802
c33,D004,purity,40,0.039427238038143506,0.02219981980831525
c33,D004,tau_transfer,40,2.465735742930632,1.3064795229081234
c33,D005,c_l1,28,0.0647695230859212,0.02788466585752045
c33,D005,eta,28,0.06284456121666854,0.0326777464932773
c33,D005,ipr,28,0.03532751146331917,0.01707811890511275
c33,D005,purity,28,0.03989156974307489,0.01667820282759555
c33,D005,tau_transfer,28,1.8989265609489228,1.1226333004847486
c33,D006,c_l1,38,0.07179519290771337,0.036508084865715204
c33,D006,eta,38,0.08811812955022147,0.04196683846248325
c33,D006,ipr,38,0.026793536310960254,0.018671997655731097
c33,D006,purity,38,0.03189797401923693,0.02119503706256215
c33,D006,tau_transfer,38,2.04511537358445,1.2618208854790645
c33,D007,c_l1,31,0.051367848789183754,0.0431987974209991
c33,D007,eta,31,0.07487634993386426,0.0520569411855274
c33,D007,ipr,31,0.03640904276605898,0.0280994709047072
c33,D007,purity,31,0.03697785113198039,0.026413241737837
c33,D007,tau_transfer,31,1.8389148469160512,1.219035463362253
c33,D008,c_l1,26,0.05420552091774085,0.045889267866911346
c33,D008,eta,26,0.08770177848986785,0.0564430074683096
c33,D008,ipr,26,0.023328756386895917,0.017951400473613897
c33,D008,purity,26,0.025053727674446327,0.01990110178949775
c33,D008,tau_transfer,26,1.7098801287079177,1.146931233491891
c33,D009,c_l1,32,0.04928572125983161,0.031552650679939856
c33,D009,eta,32,0.052778799760563835,0.02390852821847615
c33,D009,ipr,32,0.02215932538564467,0.0152673547503974
c33,D009,purity,32,0.02609594450705631,0.014664339481961452
c33,D009,tau_transfer,32,1.4922116566552708,1.0809786206805612
c33,D010,c_l1,19,0.0391409435075254,0.0305161881899831
c33,D010,eta,19,0.10016177788889982,0.0567276207342256
c33,D010,ipr,19,0.0450095490669359,0.0330983298495916
c33,D010,purity,19,0.04590365647365576,0.0185895322405245
c33,D010,tau_transfer,19,2.44902429866229,1.5579040267536683
c33,D011,c_l1,22,0.04574287923704245,0.02531356208202255
c33,D011,eta,22,0.08980027993299594,0.07127082572915455
c33,D011,ipr,22,0.032988318057216276,0.0199413136158764
c33,D011,purity,22,0.03580357900002911,0.02768894833315215
c33,D011,tau_transfer,22,2.592043093663,1.7746662335562036
c33,D012,c_l1,7,0.07712062821638115,0.0267593525968919
c33,D012,eta,7,0.07138651244376142,0.0490106736853652
c33,D012,ipr,7,0.006549208753413557,0.0071927201040813
c33,D012,purity,7,0.0086980198797939,0.005738557261754
c33,D012,tau_transfer,7,2.058935323870507,2.584325166996237
